sat	hs.perc	hs.size	gpa
920	60.0	.1	2.04
1170	79.68085	9.4	4
810	64.70588	1.19	1.78
940	55.8669	5.71	2.42
1180	59.81308	2.14	2.61
980	84.70149	2.68	3.03
880	48.23151	3.11	1.84
980	62.31343	2.68	3.05
1240	56.13079	3.67	3
1230	70.0	.1	2
1140	71.55689	3.34	2.98
1150	96.37883	3.59	2.93
1080	90.251573	3.18	2
990	73.4375	1.92	2.21
1000	92.140922	3.69	3.33
1050	49.62406	2.66	1.07
1160	31.72414	1.45	2.29
1190	57.95454	1.76	3.15
1030	79.01554	3.86	2.65
960	82.76762	3.83	2.41
840	93.457944	1.07	2.39
920	70.04608	2.17	2.64
840	39.74359	2.34	2.18
1000	71.2743	4.63	2.84
1150	49.41177	5.95	2.84
1040	67.03297	.91	2.93
970	90.596331	4.36	2.29
1200	74.26108	8.12	2.38
1090	96.666667	.6	3.92
1340	65.42553	3.76	2.23
740	26.69173	5.32	1.33
880	81.31579	3.8	2.81
820	32.01755	2.28	2.09
1060	54.99092	5.51	2.25
730	43.361	4.82	1.9
820	73.84615	3.9	3
780	78.20513	.78	2.4
1040	81.30081	4.92	2.16
870	53.76344	1.86	2.07
940	77.83784	1.85	2.21
980	70.39474	1.52	2
1020	80.0	.1	2.91
1180	59.9686	6.37	3
1100	83.33333	.12	2.72
1030	89.28571	2.52	3.55
960	50.0	.1	3.25
910	77.95275	1.27	2.86
1060	92.307693	.13	2.04
880	66.66667	.03	1.92
1010	92.857143	.28	3.58
700	31.25	.32	2.39
930	81.98925	3.72	3.46
900	72.83465	2.54	3.16
1090	40.09901	2.02	1.03
1120	83.40425	4.7	3
960	28.41164	4.47	2.33
890	59.67742	1.24	2.45
1240	94.227188	5.37	3.65
1090	86.26374	3.64	3.61
820	89.27445	6.34	3.25
940	84.50292	3.42	3.81
820	39.75482	5.71	2.25
970	85.33569	5.66	2.41
790	87.9397	5.97	2.82
1080	30.0	.1	2.3
850	82.58064	3.1	3.27
850	93.150685	.73	2.66
820	25.19084	1.31	2.26
1120	95.901639	4.88	2.33
880	82.80098	4.07	2.37
1540	99.5652174	2.3	4
780	89.04899	3.47	3.81
1280	98.522167	2.03	3.87
1260	97.695853	2.17	4
830	58.0	2	1.95
980	69.56522	.92	2.43
500	28.00875	4.57	1.21
1040	91.412743	3.61	3
930	92.0	3.25	1.75
570	42.28395	3.24	1.73
820	51.48515	3.03	1.84
1310	73.8758	4.67	2.25
770	70.0	1	2.13
1180	90.0	4.8	3.77
1310	90.625	3.2	3.22
1150	78.80795	3.02	2.17
1130	80.12048	1.66	2.77
1110	95.588235	2.04	3.36
1210	95.221843	2.93	3.62
1090	96.791444	1.87	3.7
1040	76.90141	3.55	2
1340	86.48649	1.11	3.69
900	81.39535	.86	1.75
650	72.3301	2.06	2.19
1190	93.867925	4.24	3.4
990	84.46215	2.51	1.43
1160	78.76344	3.72	2.78
1140	90.041493	2.41	2.61
1180	92.324094	4.69	3.09
1120	90.0	.1	2.83
1010	50.7837	3.19	1.93
1160	96.268657	4.02	2.88
1200	51.62037	4.32	3.31
720	46.51163	4.3	1.93
1190	62.83525	2.61	2.41
970	65.9824	3.41	2.92
1210	99.8043053	5.11	3.52
930	67.5	2	2.93
1000	68.22034	2.36	2.28
970	69.97691	4.33	1.95
960	70.0	.1	3.02
980	60.0	.1	3.25
960	57.52213	2.26	3.32
970	70.0	.1	2.03
960	90.540541	.74	2.34
1160	91.037736	2.12	3.41
1080	52.83019	2.12	2.56
990	99.0163934	3.05	4
1130	61.2766	2.35	1.33
1060	71.91489	2.35	2.25
1060	81.2766	2.35	2.6
1120	94.915254	2.95	2.63
1030	78.77698	2.78	2.58
1070	68.57143	3.15	3.04
910	77.15054	3.72	2.76
1100	49.59785	3.73	1.95
1000	65.95174	3.73	2.92
1000	73.31536	3.71	3.41
970	72.43902	4.1	2.73
1070	89.66667	6	2.54
950	91.578947	2.85	3.06
1140	84.3318	2.17	1.93
1060	82.69231	1.56	3.23
940	82.07171	2.51	2.54
960	61.0	1	2.22
890	81.90476	2.1	1.99
1120	53.65854	3.28	1.75
1150	60.0	.1	3.14
1270	60.0	.1	3.24
1100	60.0	.1	2
1150	50.0	.1	2.5
1090	47.33333	1.5	1.6
1220	50.0	.1	3.05
1070	50.0	.1	2.41
1030	97.058824	1.36	2.73
980	94.6875	3.2	2.93
930	85.23985	2.71	2.5
1030	79.87013	3.08	2.69
1100	67.64706	3.06	2.61
1100	90.967742	3.1	2.94
1070	94.382022	1.78	3.44
980	90.748899	2.27	3.12
1000	87.07865	1.78	3.46
1190	77.52809	1.78	3.64
1060	70.88123	2.61	2.57
1240	86.05442	2.94	3.43
950	66.98113	2.12	2.24
1300	45.59387	2.61	2.78
860	59.85402	2.74	2.13
1010	71.09375	2.56	2.69
1180	63.28125	2.56	3.29
1040	60.0	.1	2.31
1010	81.53846	1.95	2.31
1000	82.14286	1.96	1.88
1030	70.0	.1	2.47
1100	90.677966	2.36	2.66
1240	72.41379	.58	2.77
1110	58.33333	.48	3.77
1070	53.22581	1.86	1
1040	69.23077	1.95	2.02
1290	99.5670996	2.31	3.43
1010	84.41558	2.31	2.69
1080	84.31373	.51	3.7
1120	97.674419	3.44	3.68
1210	65.11628	3.44	1.97
990	76.5586	4.01	2.93
1130	41.81818	1.1	2.23
840	33.33334	.48	2.12
1050	92.909091	5.5	3.66
1050	57.09678	6.2	1.8
1000	78.72727	5.5	2.48
1020	93.952484	4.63	2.97
960	70.36364	5.5	1.7
890	41.27604	7.68	1.98
1320	99.6487119	8.54	4
1140	97.515528	1.61	3.37
1000	73.02632	1.52	1.84
1040	44.7205	1.61	2.15
850	14.52514	1.79	1.81
1050	96.5	6	3.56
1140	94.074074	2.7	2.07
1120	90.928725	4.63	2.23
1060	86.18421	1.52	3.11
1090	75.94554	6.61	2.72
1080	47.5	.4	2.11
1070	86.32812	5.12	2.75
1130	82.87671	5.84	3.16
1410	94.736842	3.61	3.69
1000	81.42494	3.93	2.45
1130	92.243767	3.61	3.72
1130	83.3795	3.61	2.02
1120	91.784702	3.53	3.13
1180	98.545455	2.75	2.76
1020	96.206897	5.8	2.87
810	89.33539	6.47	2.43
940	94.017094	2.34	3.06
880	84.11215	3.21	2.75
910	50.7772	3.86	2.46
1490	99.75	4	4
1040	91.954023	4.35	3.01
1220	78.62069	4.35	3.3
1140	97.484277	1.59	3.42
1170	84.13547	5.61	3.43
910	41.74067	5.63	.6
1290	96.353167	5.21	3.71
1340	99.1983968	4.99	3.38
1110	71.22093	3.44	2.62
1040	93.75	3.2	3.49
1070	70.27027	.37	2.53
1200	97.846154	3.25	3.77
950	86.47059	3.4	2.65
1110	50.0	.04	2.67
970	69.163	4.54	2.35
1090	90.934066	3.64	2.67
960	70.3504	3.71	2.05
980	40.0	.1	2.31
1070	83.14917	3.62	2.92
1040	94.488189	1.27	2.94
1170	72.97872	4.7	3.28
1010	75.1606	4.67	2.72
1110	88.38384	3.96	2.93
890	74.74747	3.96	2.2
950	88.46154	6.5	2.42
780	87.61468	6.54	2.85
1230	96.165192	3.39	2.16
1160	97.938144	1.94	3.55
1020	77.77778	2.52	2.46
1200	70.0	.1	2.26
1230	97.761194	2.68	3.47
1110	60.0	.1	2.2
1250	90.434783	1.15	2.34
980	52.17391	1.15	2.18
1100	53.19149	.94	3.1
880	54.33071	2.54	2
1050	97.468354	3.16	2.94
910	75.6	5	3.03
1140	92.087542	5.94	3.32
990	98.586572	5.66	3.14
1130	64.81482	5.94	2.76
1010	62.94118	6.8	1.29
1030	90.441176	5.44	3.11
1070	98.26087	4.6	2.12
900	94.533762	3.11	2.72
1030	92.650334	4.49	2.82
940	96.698113	2.12	3.11
1020	86.13636	4.4	2.46
980	95.305164	2.13	3.01
1060	88.04071	3.93	3.18
1160	95.037221	4.03	3.5
1210	94.252873	4.35	2.7
1050	87.2	2.5	2.76
1160	80.97166	4.94	2.88
850	84.9711	1.73	3.61
950	73.77049	.61	2.71
940	89.01869	4.28	2.43
1040	89.52618	4.01	3.2
1090	93.908629	3.94	3.02
1210	98.660714	4.48	4
1100	99.1935484	1.24	3.2
1180	47.97508	3.21	1.82
750	87.64228	6.15	1.41
1280	93.586006	6.86	3.76
940	40.0	.1	2.62
1010	84.81013	.79	1.93
990	59.1954	1.74	2.69
990	76.17729	3.61	1.5
1010	92.335766	2.74	3.16
1130	90.697675	2.15	3.11
970	92.957747	2.13	3.29
1050	95.16129	3.72	2.94
1080	80.0	.6	3.31
1050	87.05882	4.25	2.93
1000	98.947368	3.8	3.28
1270	96.983409	6.63	3.46
1160	54.05405	.37	2.27
930	65.83333	3.6	1.5
1010	85.75	4	2.31
1010	97.5	3.6	3.62
990	98.75	4	2.69
540	30.32929	5.77	1.91
1050	79.03226	4.96	2.53
1150	97.816594	4.58	3.62
1050	94.902913	4.12	2.9
990	78.89908	1.09	3.13
1050	88.52459	4.88	2.87
1170	78.62595	3.93	2.26
930	95.529801	6.04	3.48
1000	82.10291	4.47	2.44
1020	96.363636	3.3	3.17
1160	97.142857	3.5	3.08
1130	98.715203	4.67	3.38
900	98.055556	3.6	3.06
870	96.944444	3.6	2.75
970	87.38739	1.11	3.06
1090	76.5625	1.28	2.6
1040	93.333333	5.4	3.17
1070	86.02329	6.01	3.17
810	58.84615	5.2	2.36
1200	93.18542	6.31	3.21
1020	96.633663	5.05	3.59
1230	89.77273	4.4	2.84
1040	70.66667	7.5	2.98
830	62.9275	7.31	1.9
1230	98.8	2.5	3.65
1050	84.33735	.83	4
910	68.64865	3.7	2.36
1070	88.64865	3.7	3.52
1050	91.891891	3.7	3.33
1110	92.834891	3.21	3.5
1170	91.772152	7.9	2.72
890	78.57143	7	2.35
720	65.41177	4.25	2.26
1170	79.86111	1.44	3
1140	97.740113	3.54	2.86
1200	92.083333	4.8	2.55
1010	91.315137	4.03	2.38
1330	99.669967	3.03	4
920	93.39934	3.03	3.07
1180	93.548387	.31	2.41
1000	89.72125	5.74	3.42
1140	83.77953	6.35	2.86
1130	99.4845361	1.94	3.78
1010	73.08534	4.57	2.46
930	31.59722	2.88	1.88
1110	89.69072	2.91	2.37
850	56.42458	5.37	2.07
1050	95.907473	5.62	2.88
1080	73.15175	7.71	2.8
1240	97.04698	7.45	3.65
1060	69.85871	6.37	2.87
1160	84.14443	6.37	3.47
970	89.79592	6.37	2.83
1100	70.73825	7.45	2.41
1060	65.10067	7.45	3.85
790	96.5	2	2.46
880	75.77938	4.17	1.09
1000	69.81132	.53	3.28
990	81.81818	3.3	2.38
1040	76.9697	3.3	2.3
1040	94.174757	2.06	3.28
840	82.89086	3.39	3
1060	91.549295	2.84	3.01
950	61.29032	2.48	2.3
1030	92.33871	2.48	2.33
920	89.74359	3.51	3.41
1220	97.126437	1.74	3.76
750	60.0	.1	1.06
900	80.0	.1	3.2
800	91.015625	2.56	1.8
880	60.0	.1	2.35
870	80.0	.1	3.5
910	96.956522	2.3	3.29
880	32.35294	1.36	2.05
1100	20.34884	1.72	2.97
1180	42.94118	1.7	2.51
1210	70.0	.1	.55
1100	40.0	.05	2.06
1180	97.619048	2.94	3.29
1070	75.14451	3.46	2.33
1020	56.35838	3.46	2.22
1030	72.94118	2.55	2.87
1060	61.76471	3.4	2.85
1030	89.02077	3.37	3.27
1080	53.4413	2.47	2.71
1100	18.30986	.71	2.02
1080	68.96552	2.61	2.3
850	57.46606	2.21	2.56
1040	72.54902	2.04	2.64
1070	97.911227	3.83	3.47
850	95.774648	3.55	1.56
730	83.5249	2.61	2.29
1040	20.0	.4	2.72
1130	99.0338164	2.07	2.53
1200	98.75	2.4	3.91
1360	98.734177	2.37	3.78
700	57.14286	2.38	2.6
1120	84.21053	.38	3.11
700	59.78261	.92	2
960	91.379311	2.9	2.21
950	90.683229	1.61	3.32
750	68.37209	2.15	2.44
990	90.0	.1	3.52
950	64.07767	2.06	1.86
1130	90.769231	1.3	2.15
980	77.89474	1.9	2
800	84.21053	1.9	2
1280	97.5	2.4	3.38
1070	80.0	.1	2.4
1170	70.0	.1	3.47
970	60.0	.1	2.38
1130	97.5	2.4	3.62
860	79.62963	2.7	2.86
1060	80.0	.1	3.17
1090	90.0	.1	2.64
850	89.55224	1.34	2.07
1120	70.69767	2.15	2.27
960	72.68518	2.16	2.93
1270	99.6825397	3.15	3.76
1130	98.461538	3.25	3.15
1110	97.487437	1.99	3.11
830	80.91398	3.72	2.46
1150	76.07527	3.72	2.61
1210	94.137931	2.9	2.76
870	77.81457	3.02	2.22
1010	89.84375	1.28	2.9
990	93.75	1.28	2.67
1080	57.69231	2.34	2.28
1150	94.820717	2.51	3.53
1100	90.0	.1	2.86
940	80.0	.1	1.87
1360	99.6466431	2.83	3.98
820	80.0	.1	2.52
760	70.0	.1	1.07
680	85.71429	.91	2.04
880	75.67568	1.48	2.21
1170	80.0	.1	2.71
1220	70.0	.1	2.76
1020	90.0	.1	2.87
910	80.0	.1	2.5
1090	80.0	.1	3.12
990	70.0	.1	3.13
910	70.0	.1	2.86
1120	60.0	.1	2.11
1090	70.0	.1	1.8
1090	90.0	.1	3
880	60.0	.1	2.23
1060	80.0	.1	3.64
930	70.0	.1	3.28
730	90.0	.1	3.09
970	90.0	.1	3.31
900	60.0	.1	1.83
1120	90.0	.1	3.76
1000	66.54546	2.75	1.37
1130	60.72727	2.75	2.78
860	88.67924	2.65	3.46
830	46.90909	2.75	2.2
910	55.55556	2.61	2.25
1050	80.84291	2.61	2.65
930	57.45454	2.75	2.06
1050	85.34483	2.32	3.34
1240	98.760331	2.42	3.86
1230	94.174757	1.03	2.97
830	38.94967	4.57	1.92
950	64.85437	5.15	1.93
1200	82.33333	3	2.33
1180	93.411765	4.25	3.58
1200	94.594594	.37	3.51
1010	74.73118	1.86	1.81
1160	91.457287	1.99	3.42
1070	76.92308	.13	2.66
820	83.67347	.98	2.47
1000	52.77778	.36	2.42
1120	83.53658	1.64	2.73
740	86.88525	.61	2.07
670	23.68421	.76	1.89
980	85.11111	4.5	2.31
1130	75.0	.12	2.82
1240	95.196507	2.29	3.45
720	30.0	.1	2.23
690	59.81308	2.14	1.72
1210	90.0	.1	3.09
1120	93.939394	3.3	2.33
1020	93.478261	1.84	2.18
1040	87.1875	3.2	2.8
1080	80.42896	3.73	3.14
1080	87.13137	3.73	3.25
1130	99.4236311	3.47	2.99
1120	77.21894	3.38	2.68
1120	78.99408	3.38	3.17
1190	99.6282528	2.69	3.78
1010	63.23529	.68	1.9
1210	71.40288	5.56	2.71
1020	33.57246	6.97	2
1060	89.95696	6.97	3.2
790	68.34356	8.15	2.18
1220	99.5695839	6.97	3.93
850	63.12769	6.97	1.86
900	84.79197	6.97	2.51
1020	66.06557	6.1	2.5
1090	85.80509	4.72	2.86
1130	79.96743	6.14	3.42
1130	85.13011	2.69	2.76
910	81.04089	2.69	3.28
1040	88.57143	2.1	2.5
1160	99.5951417	4.94	3.73
1030	76.45788	4.63	2.5
1040	85.2657	4.14	2.39
1070	85.52916	4.63	2.68
1010	85.31318	4.63	2.88
750	78.66667	2.25	2.75
950	75.0	.44	2.68
750	56.79612	4.12	1.88
1060	81.6092	.87	3.43
990	70.10526	4.75	.25
1360	96.836983	4.11	3.95
1080	91.450777	3.86	1.82
890	63.98964	3.86	2.46
1180	90.449438	3.56	2.1
1120	85.40146	1.37	2.23
990	80.50847	1.18	2.96
1100	80.0	.1	2.07
1150	97.25	4	3.41
970	60.0	.1	1.98
950	84.57143	3.5	2.71
960	40.0	.1	2.52
1220	99.25	4	3.22
930	74.73684	.95	2.13
1350	85.71429	.91	3.64
1280	95.604395	.91	3.48
1020	61.33333	.75	2.66
940	99.009901	1.01	2.58
1160	94.219653	5.19	3.13
1020	91.333333	4.5	3.24
850	74.4186	5.16	2
1260	60.75	4	2.5
890	37.7907	5.16	1.14
940	73.98844	5.19	1.63
1160	85.0	4	3.06
1040	56.74419	4.3	2.26
1010	86.14319	4.33	2.88
1070	93.063584	5.19	2.87
1160	82.6087	2.53	3.12
1040	98.507463	1.34	2.75
1060	80.0	.1	3.17
900	50.0	.1	2.73
910	60.0	.1	1.64
1130	80.0	.1	3.41
1000	88.23529	1.02	2.76
890	60.0	.1	2.42
1030	94.117647	2.04	1.69
1190	90.0	.1	3.26
1150	98.0	4.5	3.16
1290	99.4666666	3.75	3.53
1180	95.774648	1.42	3.48
1220	84.86998	4.23	2.06
1100	92.857143	.42	2.17
1030	83.33333	1.5	2.54
960	90.625	.32	3.13
1080	81.51659	2.11	3.43
980	32.39436	5.68	1.97
880	87.17949	6.24	1.6
1090	91.747573	4.12	2.8
800	52.62346	6.48	2.08
960	82.08661	5.08	1.8
1100	50.78236	7.03	2.86
870	72.44094	1.27	2.71
960	83.56164	5.11	2.12
870	88.10573	2.27	2.44
1140	59.14286	3.5	2.46
1170	71.72414	4.35	2.83
1140	92.145594	5.22	3
1210	90.566038	.53	3.57
1020	86.0	1.5	3.88
1050	72.39915	4.71	2.3
1130	86.6242	4.71	2.81
1160	87.43961	4.14	2.6
1070	82.07071	3.96	3.2
1020	63.76237	5.05	2.39
940	92.982456	3.42	2.47
950	76.73797	3.74	1.97
910	67.88321	1.37	2.52
1240	95.631068	4.12	2.96
970	80.71749	2.23	3.2
1140	51.46199	1.71	2.53
940	84.08408	3.33	1.64
940	86.16188	3.83	2.79
790	85.81979	6.77	2.71
1190	93.465909	3.52	3.34
1010	96.240602	2.66	2.97
1020	95.064378	4.66	2.95
1050	86.41975	1.62	2.6
1270	95.022624	2.21	2.87
860	74.33628	1.13	2.76
1140	92.070485	4.54	3.52
1310	98.076923	.52	3.48
940	79.63801	2.21	2.41
1110	74.00794	5.04	2.74
970	81.29676	4.01	2.9
1140	94.388778	4.99	3.18
970	72.53521	1.42	2.28
840	59.85915	1.42	2.4
1150	74.46808	.47	3.17
1020	78.71795	3.9	2.11
1210	80.41776	3.83	3.35
900	85.8209	2.68	2.74
850	84.76562	2.56	2.6
1320	80.0	.1	2.87
1010	74.11765	3.4	2.4
920	61.03448	2.9	2.11
1330	97.247706	2.18	4
880	84.61539	.26	2.78
1160	87.09677	.93	2.94
1090	96.744186	2.15	2.7
1030	60.0	.1	1.41
1150	86.17021	.94	2.51
1020	79.72973	1.48	3.18
1030	43.33333	1.2	1.97
1380	99.1869919	1.23	3.8
1240	98.477157	1.97	3.44
1320	96.168582	2.61	4
990	75.84416	3.85	2.5
940	91.516709	3.89	2.72
980	66.35514	3.21	2.53
1120	90.342679	3.21	3.29
970	71.2	1.25	3.02
1010	62.4	1.25	2.78
1120	30.4	1.25	2.06
1110	80.0	.6	2.72
1430	95.087719	2.85	3.55
900	96.0	2.5	2
1230	85.42373	2.95	2.84
1240	62.30769	1.3	2.36
1090	98.125	3.2	3.88
820	60.0	.05	2.31
1000	62.94821	2.51	2.25
1050	50.0	.1	3.21
1090	75.84746	2.36	2.59
1100	50.22222	2.25	3.2
860	84.73282	6.55	2.53
1320	60.04673	4.28	2.67
1190	60.0	.1	2.44
1010	60.0	.1	2.64
1090	95.348837	1.72	2.42
940	71.11111	1.8	3
990	96.96	6.25	2.95
1180	95.833333	6	3.25
1210	75.34247	3.65	2.68
1250	83.38279	3.37	2.73
950	91.158537	3.28	1.29
1010	79.81651	3.27	2.8
1060	82.69231	2.6	2
1000	73.84615	2.6	1.64
1030	94.285714	1.05	3.95
810	91.756272	2.79	2.44
1160	97.849462	2.79	3.76
980	40.90909	.22	2.41
1000	74.63768	2.76	2.76
1170	96.031746	2.52	3.66
1190	92.45283	2.65	3.21
1180	80.84416	3.08	3.33
1190	82.37548	2.61	2.71
780	77.91165	2.49	2.82
1010	91.472868	1.29	3.41
850	62.2905	3.58	1.77
1240	99.7206704	3.58	3.61
1060	50.16722	2.99	1.77
1180	60.5985	4.01	2.55
830	65.90331	3.93	2.7
1070	71.15385	4.16	2.31
1090	46.38655	5.95	2.02
1000	68.34532	1.39	2.92
860	95.833333	.48	2.75
1000	88.75502	2.49	2.18
1150	63.19703	2.69	2.36
1150	84.47653	2.77	3.53
1230	96.938776	1.96	3.87
1120	93.154762	3.36	2.57
870	70.99447	3.62	1.36
1190	74.24242	1.32	2.11
1060	56.06061	1.32	3.5
1050	97.643979	3.82	2.58
930	93.895349	3.44	3.4
1030	97.631579	3.8	2.79
970	80.0	.1	2.7
1150	85.56701	4.85	2.88
1020	65.20833	4.8	2.42
1170	95.463918	4.85	3.42
1000	68.95833	4.8	3.06
1140	30.0	.1	3.29
1070	93.75	3.04	2.56
940	66.66667	4.2	1.97
1040	80.0	4.2	2.48
1100	88.69863	2.92	2.44
1070	80.43478	.92	2.74
1150	74.02827	5.66	2.83
1030	45.54974	5.73	2.66
1410	91.428572	4.2	4
1040	52.75591	2.54	2.85
900	70.51282	2.34	2.5
1000	67.22973	2.96	2.99
1140	68.75	3.2	2.8
1130	60.20408	3.92	2.65
1130	65.47085	4.46	2.82
1220	39.69631	4.61	2.81
1110	77.38359	4.51	3.37
1170	96.785714	2.8	2.72
1270	82.93736	4.63	3.46
850	71.98276	4.64	3.26
1040	73.7069	4.64	2.94
1140	56.79012	.81	2.75
980	90.909091	2.2	2.26
1220	90.651558	3.53	4
1150	93.767705	3.53	3.4
890	81.81818	4.29	2.9
1030	66.10979	4.19	2.65
1180	86.22328	4.21	3.21
1030	85.98575	4.21	3.12
940	68.76457	4.29	2.47
1120	38.66667	.75	3.07
970	20.0	.1	1.76
1090	84.10405	3.46	3.44
940	97.777778	2.7	3
980	76.22378	2.86	2.6
1120	74.31373	5.1	3.58
1110	65.6746	5.04	3
1080	42.22689	4.76	2.07
1130	79.96032	5.04	3.82
1050	81.48148	2.7	2
1130	41.89944	1.79	2.67
1200	85.62874	1.67	2.64
1110	78.26087	3.22	2.53
800	60.0	.1	2.26
1070	95.604395	1.82	3.02
930	43.85965	2.28	2.45
1170	94.298245	2.28	1.93
980	85.04673	2.14	2.53
1200	90.654205	2.14	2.11
1170	97.560976	1.64	3.4
900	91.860465	1.72	3.2
1280	88.49557	2.26	3
1240	43.20988	1.62	2.95
1190	79.83871	1.24	2.17
1000	46.06061	3.3	2.57
940	70.0	.1	2.75
980	60.32389	2.47	2.54
1200	80.0	.85	2.95
1060	40.0	.05	1.9
1070	80.33241	3.61	2.81
990	91.588785	3.21	3.3
1060	81.21547	1.81	2.15
1060	80.07663	2.61	3.25
1270	79.91632	2.39	2.89
1040	93.719807	2.07	3.73
1320	94.974874	1.99	3.64
1060	77.61905	2.1	1.95
1240	60.0	.1	2.1
1120	81.03448	1.74	3
920	71.56398	2.11	2.47
1230	90.44586	3.14	2.71
1330	91.036414	3.57	3.66
1130	50.20243	2.47	2.08
1020	72.55814	2.15	2.16
1060	84.375	2.88	1.8
1050	73.75887	2.82	2.88
1080	67.94258	2.09	2.87
1010	77.88461	3.12	2.61
920	57.49386	4.07	3.28
1030	85.55556	1.8	2.12
850	96.285714	3.5	3.83
1260	88.9313	5.24	4
1030	89.47368	.76	3.02
830	51.70068	1.47	3.05
1430	99.3442623	3.05	3.76
1210	97.802198	5.46	4
1120	63.48884	4.93	2.04
940	76.67343	4.93	3.08
1350	20.0	.05	3.4
1060	91.053678	5.03	3.75
820	91.904762	2.1	2.71
1100	65.25424	1.18	2.54
1190	88.78505	1.07	2.23
1070	80.84291	2.61	3.21
1130	81.78218	5.05	3.11
1060	89.91935	4.96	3.41
900	83.91867	5.41	2.82
1230	25.0	.04	2.77
1290	86.75497	1.51	3.3
1010	79.8627	4.37	1.93
1010	74.39024	.82	1.2
840	79.60784	2.55	2.24
1320	90.968586	7.64	3.46
1010	88.28829	3.33	1.88
1020	74.42748	2.62	3.48
1110	56.10687	2.62	2.6
1040	69.46565	2.62	2.85
1020	56.84647	2.41	1.58
1030	88.25397	3.15	2.88
1220	48.0826	3.39	2.31
1040	80.82902	1.93	2.43
1060	58.85167	2.09	2.06
1060	91.38756	2.09	3.63
990	47.36842	2.09	2.2
1050	74.09326	1.93	2.64
960	82.6087	2.07	3.15
980	58.9372	2.07	2.23
940	93.522267	2.47	2.9
980	72.5	2.8	1.21
1150	95.406361	2.83	1.76
1000	57.86164	1.59	2.43
1070	45.91195	1.59	2.48
1180	71.59763	1.69	3.46
910	50.0	.1	2.46
1080	83.94161	1.37	2.83
1050	90.410959	.73	3.52
640	71.23288	2.19	1.73
1240	67.0	1	4
1280	79.71014	1.38	2.08
820	62.09678	1.24	2.23
990	58.51064	.94	2.76
1120	67.35294	3.4	2.29
1060	56.76471	3.4	3.25
1060	62.5	3.28	2.07
1150	81.47059	3.4	3
1340	73.33333	2.7	2.56
1070	63.33333	2.7	2.26
970	88.63636	1.76	2.17
1260	79.5107	3.27	2.7
1080	89.14286	3.5	3.11
1190	86.33094	1.39	2.41
1040	92.307693	3.12	2.69
800	73.52587	8.31	2.2
1040	62.11031	4.17	2.46
1150	60.87751	5.47	2.52
1080	98.823529	.85	2.58
1290	98.75	1.6	3.48
980	55.79268	3.28	2.24
470	60.17316	2.31	1.89
1090	84.58333	2.4	2.29
990	79.17981	3.17	2.91
1040	69.375	1.6	3.33
1190	84.375	1.6	3.14
1100	77.04918	1.83	2.29
1100	74.82517	1.43	3.02
990	53.09734	1.13	2.55
1160	84.0	1	3.37
960	69.3038	3.16	2.69
930	88.82834	3.67	2.88
1050	45.80645	1.55	2.36
1040	58.63874	1.91	2.63
1000	70.8	2.5	2.62
1000	88.23529	1.36	2.55
1080	72.77778	1.8	2.57
1080	60.55556	1.8	2.4
1020	83.21428	2.8	3.22
1060	86.58892	3.43	2.29
970	65.15837	2.21	2.25
1030	34.2723	2.13	3.11
1080	86.71329	2.86	1.62
1010	92.056075	2.14	2.77
1030	40.37559	2.13	2.47
1140	63.0137	2.19	2.26
1170	95.945946	2.22	2.6
1040	84.36214	2.43	2.23
1080	72.63581	4.97	1.97
1100	55.00945	5.29	2.6
940	73.0	1	2.87
1020	64.64647	.99	2.36
1080	76.0	1	2.48
1200	83.57488	4.14	2.3
1160	78.16764	5.13	2.33
1060	88.03738	5.35	2.94
970	82.30453	4.86	3.23
1050	85.83333	2.4	3.39
1130	57.60171	4.67	3.06
1440	97.44186	4.3	3.8
850	60.46511	4.3	1.9
980	82.80872	4.13	2.8
950	76.75545	4.13	2.47
1050	95.405406	3.7	2.93
1100	42.96875	2.56	1.83
1100	71.36752	2.34	2.47
1120	60.44776	2.68	2.15
1190	21.55173	2.32	2.02
920	66.41791	2.68	2.53
1040	60.46511	2.58	2.21
1110	76.5625	4.48	2.91
1110	81.45363	3.99	2.56
810	59.56938	4.18	1.8
1030	72.41379	1.45	2.06
1030	78.59327	3.27	2.35
1070	75.0	1.52	2.2
1280	75.4491	1.67	3.04
1180	94.270833	1.92	3.14
980	69.89796	1.96	2.54
1080	75.26882	1.86	2.68
1290	94.594594	2.22	4
1050	64.51613	3.1	2
1120	78.46154	2.6	2.87
1040	97.530864	3.24	3.66
1200	92.23301	3.09	1.6
1100	99.3993994	3.33	3.97
1140	78.5124	2.42	3.17
1040	65.02242	2.23	1.87
1110	72.72727	3.08	3.23
990	87.80488	2.05	3.27
1080	58.29146	1.99	2.5
1330	96.774194	.31	3.94
1150	74.72528	.91	2.6
1130	75.0	1.28	2.38
840	73.02158	2.78	2.73
1000	92.703863	2.33	2.81
970	81.3278	2.41	3.15
1060	74.90637	2.67	2.95
1180	94.520548	2.92	3.5
1080	68.11024	2.54	2.44
1210	89.71722	3.89	3.33
1060	75.91241	4.11	3.11
1120	47.96748	3.69	2.87
1130	76.64234	4.11	3.58
1110	74.54545	2.2	2.52
1020	67.01847	3.79	2.46
960	67.56757	2.59	2.62
990	51.33929	2.24	2.82
890	77.27273	1.32	3.26
960	60.0	2.1	2.65
1180	60.98485	2.64	2.76
970	87.15953	2.57	3.14
1020	88.71595	2.57	3.23
1060	66.1017	2.36	2.15
1130	88.06366	3.77	3
940	89.30233	2.15	2.21
990	91.058824	4.25	3.31
980	57.289	3.91	1.72
1110	83.62069	3.48	3.5
1040	95.652174	3.22	3.08
1020	65.2968	2.19	2
800	90.0	3.5	3.06
1060	77.66798	5.06	2.21
1030	86.71096	3.01	2.4
1070	92.511013	2.27	2.78
1090	86.2069	.58	2.61
1200	82.43243	2.22	2.25
1130	76.24113	2.82	3.25
1230	73.23529	3.4	3.82
1280	96.875	3.2	3.21
1000	60.0	3.45	2.23
860	60.86956	3.45	2.2
1210	59.48827	4.69	2.66
960	55.78513	4.84	2.8
910	78.5124	4.84	2.41
990	77.33333	2.25	2.52
1080	69.33333	3.75	2.61
830	88.57143	3.5	2.02
910	78.20164	3.67	2.17
1040	75.26882	1.86	2.26
890	90.950226	2.21	2.73
1030	89.13043	1.38	2.72
1240	89.03226	1.55	2.91
1060	92.156863	1.02	3.26
860	50.0	.44	2.76
900	82.0331	4.23	2.69
1270	96.153846	2.08	3.5
1010	70.0	.1	1.94
1100	95.652174	.46	3.61
1010	76.76471	3.4	1.79
910	92.870544	5.33	2
760	75.33333	4.5	2.7
900	76.09428	2.97	2.62
1170	91.930836	3.47	3.68
1050	63.80952	1.05	2.48
980	83.25792	2.21	3.41
1130	84.64567	2.54	2.51
1210	92.204301	3.72	3.64
1150	98.105263	4.75	3.52
1050	80.71943	6.95	3.15
1000	81.10345	7.25	3.16
1030	72.76316	7.6	2.58
950	41.72662	6.95	2.06
1240	86.66667	.15	2.83
1030	72.57143	7	1.84
1110	43.8806	3.35	2.09
940	58.75371	3.37	2.55
1020	88.76404	2.67	2.88
970	90.0	1.2	2.31
960	95.2	1.25	3.07
1060	78.84615	3.64	2.97
980	90.231362	3.89	2.79
1070	74.13442	4.91	2.26
1040	83.24468	3.76	1.8
1000	61.53846	2.6	2.85
990	66.5127	4.33	2.42
1000	77.99607	5.09	2.62
1180	95.918367	2.45	3.68
1200	60.0	.1	2.02
1080	79.78142	3.66	2.05
1150	95.454545	.88	3.67
1110	65.65875	4.63	3.43
1120	60.9209	8.47	1.68
1090	42.96875	3.84	2.4
1310	97.560976	1.64	3.05
1080	86.51685	.89	2.58
1090	93.108108	7.4	2.4
1020	79.32432	7.4	1.9
1080	92.694064	2.19	3.22
960	69.13183	3.11	2.77
860	40.0	.1	2.38
1050	70.0	.1	2.81
1060	83.69304	4.17	3.22
1190	70.4918	1.22	2.16
1000	62.5	2.48	2.63
1180	78.22581	2.48	2.54
1020	84.57143	1.75	1.95
1060	50.0	.1	2.29
1000	76.88312	3.85	2.91
1010	69.45607	2.39	2.37
1160	72.81879	2.98	2.9
1300	77.45098	4.08	2.3
1010	88.37209	.86	3.08
970	90.189874	3.16	3.6
1210	94.298245	4.56	4
1030	65.01377	3.63	3.37
1230	98.071625	3.63	3.33
980	92.972973	1.85	2.73
1110	71.80451	2.66	2.17
950	83.75	.8	2.63
1180	83.67347	.49	2.91
1040	40.0	.05	2.08
1290	96.4	2.5	3.92
1010	60.24845	1.61	2.25
980	74.0	1	2.1
970	76.14679	1.09	1.69
1180	82.5	.8	3.41
1340	98.857143	3.5	4
1170	89.06977	4.3	3.47
1230	97.230769	3.25	3.4
920	56.11111	3.6	2.1
1030	90.769231	1.3	2.96
920	91.538462	1.3	2.99
1140	94.505495	2.73	3.2
810	57.55627	3.11	1.14
1180	95.498392	3.11	1.2
1020	20.0	.05	1.8
1010	73.94541	4.03	2.43
1090	73.65269	3.34	2.8
630	47.90419	1.67	2.07
870	96.0	3	3
760	98.701299	1.54	2.79
1050	91.262136	3.09	2
1020	92.837466	3.63	3.48
1030	52.26586	3.31	1.61
860	74.47699	2.39	2.67
970	95.815899	2.39	3.47
880	76.59575	1.88	2.18
1230	99.5983936	2.49	3.87
1090	84.10042	2.39	3
930	87.28814	1.18	2.45
1300	85.18519	2.97	2.6
1170	97.927461	1.93	3.28
1010	34.06593	.91	1.75
1030	17.80822	.73	2.39
1020	82.41758	.91	3.5
910	18.68132	.91	2.6
900	71.42857	1.54	1.94
1230	91.370559	5.91	2.07
950	94.243421	6.08	2.84
1220	98.853211	4.36	3.92
990	79.24528	5.3	1.62
1040	69.79742	5.43	2
990	8.0	.5	1.74
940	95.442359	3.73	2.2
1120	96.839729	4.43	2.84
980	85.9447	4.34	2.93
1040	95.394737	3.04	3.57
1080	87.46082	3.19	2.57
1030	81.08108	1.85	3.18
830	88.47737	2.43	1.66
1080	86.5285	1.93	2.98
860	59.1029	3.79	2.29
1040	82.89242	5.67	2.07
690	93.023256	1.29	2.64
1160	98.618785	3.62	3.64
900	73.06667	3.75	1.75
1280	94.366197	2.13	2.91
740	72.84483	2.32	1.13
1010	78.77358	2.12	1.51
900	72.0	2	3
1210	97.354497	1.89	3.3
980	84.90028	3.51	1.73
850	86.33663	5.05	2.6
1020	86.13861	5.05	2.77
1010	69.80392	5.1	1.69
960	91.568627	5.1	3.16
930	85.14851	5.05	2.93
1130	86.58537	4.92	2.48
950	82.35294	5.1	2.28
1160	93.465346	5.05	2.75
830	78.37838	4.44	3.2
1160	89.21569	5.1	3.31
950	97.045455	4.4	3.41
980	66.92308	2.6	2.37
880	93.220339	1.77	3.05
1090	46.42857	.56	3.3
940	70.0	.1	3.07
1120	50.0	.1	2.45
930	66.25	4	2.6
970	60.0	.1	3.09
930	60.0	.1	1.86
1170	80.0	.1	2.97
1220	97.444089	3.13	3.38
1140	98.642534	2.21	3.82
880	80.43956	4.55	1.68
1130	67.92453	1.59	1.91
880	80.98592	1.42	1.5
1030	95.597484	1.59	3.05
1010	78.16901	1.42	2
1120	98.220641	2.81	3.52
810	94.957983	2.38	2.78
1160	98.561151	2.78	3.61
1110	75.76923	2.6	2.78
1370	95.038168	2.62	3.23
950	89.47368	2.47	2.62
960	84.15094	2.65	3.03
1310	96.428571	1.68	3.46
1030	78.38828	2.73	.85
1160	90.745502	3.89	2.02
1180	82.11382	2.46	3.06
1080	84.40594	4.04	1.17
950	88.67924	1.59	2.84
1170	97.660819	1.71	3.28
790	84.0796	4.02	2.59
940	53.16667	6	2.42
1090	89.07692	6.5	1.92
1280	91.0	6	3.39
1270	99.8333333	6	3.84
1090	62.63889	7.2	2.54
1360	99.7821351	4.59	3.97
1320	96.296296	4.59	3.21
910	72.52066	4.84	3.06
880	81.76471	1.7	2.07
1110	92.857143	1.26	2.94
990	81.36646	1.61	2.2
1250	99.7867804	4.69	4
770	83.94161	1.37	2.11
890	87.97814	1.83	2.88
1220	91.27907	1.72	3
1220	97.777778	2.25	3.21
1130	58.37104	6.63	2.53
970	68.02413	6.63	2.23
1230	94.814815	6.75	3.07
1050	90.084034	5.95	2.33
1350	98.962963	6.75	3.85
870	61.62963	6.75	2.22
890	91.259259	6.75	3.36
970	97.297297	.74	3.8
1220	77.48815	4.22	3.1
1040	94.39834	4.82	3.04
920	48.52321	4.74	2.83
940	70.0	.1	2.69
1060	85.12397	1.21	2.78
720	72.80702	1.14	1.4
900	73.86935	1.99	2.16
980	97.222222	.72	4
1000	91.666667	.72	3.07
1270	96.666667	2.1	3.66
990	96.938776	1.96	2.12
1000	83.83459	2.66	2.42
1240	87.7193	4.56	2.21
500	69.47368	4.75	2.02
1300	98.490566	2.65	3.38
1360	85.47718	2.41	2.83
910	84.27948	2.29	2.51
930	94.964029	1.39	2.36
970	93.333333	2.25	2.45
960	86.38298	2.35	2.8
940	96.716418	3.35	2.97
830	65.10417	1.92	1.7
1120	90.128756	2.33	2.1
1130	97.948718	1.95	2.71
980	93.584906	2.65	2.94
790	75.36232	2.76	1.05
1030	92.02454	3.26	2.79
990	94.475138	3.62	2.86
880	94.171779	3.26	2.94
970	85.32609	1.84	2.28
960	84.11765	1.7	1.73
1230	90.02079	4.81	3.53
970	74.38597	2.85	2.26
930	81.96202	3.16	2.89
1110	70.68966	3.48	3
1100	72.57618	3.61	2.74
1310	96.880131	6.09	3.66
990	96.296296	2.16	3.1
950	99.6688742	3.02	2.97
1190	41.77215	.79	2.95
1120	76.77725	4.22	2.55
1240	91.294118	4.25	3.46
1040	78.57143	2.1	4
880	48.55769	2.08	1.6
1060	78.53881	6.57	3.06
1010	59.45122	6.56	2.81
1090	87.93651	3.15	2.4
1220	99.0384616	3.12	3.21
1120	98.561151	2.78	4
1160	87.90698	2.15	3.26
950	89.77036	4.79	3.13
1140	54.07725	2.33	2.29
1010	59.67742	1.24	2.45
1140	64.82759	1.45	3.23
1140	90.804598	3.48	3.07
910	81.75439	2.85	2.53
1040	94.776119	5.36	3.44
1300	99.047619	1.05	3.05
1130	75.35211	1.42	3.17
1200	87.90323	1.24	2.67
1170	95.384615	1.3	3.82
910	63.38028	4.26	4
1010	82.00837	2.39	1.91
850	86.87943	2.82	3.73
1000	91.366906	1.39	3.14
970	45.25317	3.16	2.73
1200	71.47335	3.19	3.26
930	81.34328	2.68	2.92
1160	90.384615	.52	3.05
870	96.728972	2.14	2.8
980	59.94695	3.77	2.66
1260	87.35632	.87	3.47
910	98.143852	4.31	3.52
1010	90.862945	1.97	2.26
1020	55.55556	1.35	1.3
910	49.13793	3.48	2.86
1160	93.088553	4.63	3.12
860	82.14286	1.96	2.62
920	91.304348	2.3	3.85
960	52.29358	1.09	1.26
760	72.83237	1.73	2.35
1000	79.9591	4.89	2
820	54.25532	.94	3.12
1000	78.37838	2.96	1.6
1300	67.47968	2.46	3.17
1140	99.5983936	2.49	4
1190	92.739274	3.03	2.97
710	90.532544	1.69	2.91
1080	71.875	2.88	2.4
1330	95.824635	4.79	3
1120	86.62614	6.58	3.46
920	80.09709	6.18	2.82
920	92.874693	4.07	3.15
1060	92.710706	4.39	2.61
940	72.6257	1.79	2.04
720	65.88235	8.5	1
1130	28.20513	.78	2.94
1070	94.252873	4.35	3.94
1050	81.22271	4.58	1.92
970	80.52632	1.9	3.07
1130	86.5353	6.09	2.35
910	93.220339	2.95	2.45
1180	77.61194	7.37	2.2
670	26.66666	3.15	2.02
1180	84.7561	1.64	2
1310	99.4818653	1.93	3.34
1020	84.31373	4.08	2.98
1210	87.65432	4.86	3.64
1070	83.29718	4.61	3.23
1020	83.97436	4.68	3.47
880	77.93103	4.35	2.72
1140	95.555555	.9	3.78
920	76.42487	3.86	2.02
1100	93.838862	2.11	3.29
1040	70.89041	2.92	2.5
1150	85.42914	5.01	2.47
940	78.58672	4.67	1.94
870	28.20513	.39	2
1110	85.53971	4.91	2.9
1070	88.34154	6.09	1.97
1050	78.78788	1.65	3.46
1140	87.09677	1.24	3.39
1250	74.79675	2.46	2.45
890	30.66666	1.5	2
990	91.034483	1.45	3.36
1100	80.10753	1.86	2.92
1070	92.237443	2.19	3.93
990	61.84211	1.52	2.55
1210	90.697675	2.58	2.82
1150	85.54217	2.49	3
1060	94.849785	2.33	3.61
1090	70.22654	3.09	2.71
1030	66.40625	3.84	2.01
1090	71.86147	6.93	2.75
990	83.33333	1.56	2.6
1020	59.07473	5.62	2.52
1100	64.49275	2.76	2.34
1110	55.10597	5.19	1.92
1040	63.53791	5.54	1.85
1120	84.02367	3.38	3.41
890	10.0	.1	1.44
900	85.79882	1.69	2.07
1110	81.43713	5.01	3.13
740	74.02597	1.54	2.98
1010	65.47619	3.36	2.56
1090	53.45345	3.33	2.15
950	91.591592	3.33	3.53
1080	46.83544	.79	2.04
1070	51.39211	8.62	2.18
1200	67.12329	.73	2.82
1090	52.77778	3.6	2.34
910	62.2291	3.23	3
1020	56.39269	4.38	2.96
1030	61.14286	3.5	2.22
880	55.40541	3.7	2.49
1080	77.5	2.4	2.68
890	60.85791	3.73	2.68
1060	80.42896	3.73	2.88
1190	99.7429306	3.89	3.9
880	65.14745	3.73	2.83
990	82.57373	3.73	3.37
1040	48.52547	3.73	1.94
920	72.33202	5.06	2.83
1070	62.26013	4.69	2.57
1100	70.46875	6.4	2.81
1200	94.383775	6.41	3.57
1180	92.449923	6.49	3.32
1020	83.15789	1.9	3.05
1110	97.208539	6.09	2.97
1040	92.121212	1.65	3.04
1190	97.368421	1.14	3.84
1010	68.2243	3.21	2.25
1250	96.453901	1.41	3.85
1200	87.5	1.12	3.44
1100	88.06262	5.11	2.63
990	73.02158	2.78	2.66
1060	66.4557	3.16	2.36
1050	75.89928	2.78	3.56
910	89.92806	2.78	3.18
950	79.43038	3.16	3.08
1040	56.50407	2.46	1.95
1100	76.89161	4.89	2.76
930	70.24129	3.73	2.68
1000	68.65672	3.35	2.81
920	86.18421	1.52	3.46
1120	45.83333	.96	2.21
1190	87.5	2.64	2.14
1200	54.62185	1.19	2.71
1010	83.26848	7.71	2.35
1190	90.147783	2.03	2.79
930	69.02174	1.84	2.67
1220	32.12669	2.21	1.86
1000	90.0	.1	2.35
810	88.49557	2.26	1
1210	97.787611	2.26	3.23
920	87.55981	2.09	3.09
670	96.052632	1.52	2.12
960	94.078948	1.52	3.47
820	84.33735	1.66	2.57
910	80.37975	1.58	2.6
720	90.789474	1.52	2.59
900	95.56962	1.58	2.22
1040	86.18421	1.52	2.84
740	94.078948	1.52	3.02
1220	99.3421053	1.52	2.58
850	79.51807	1.66	2.35
710	87.95181	1.66	2.73
1430	99.3975903	1.66	3.76
880	55.0	.2	2.66
1130	93.103448	.29	4
1000	45.0	.2	2.42
1010	93.448276	2.9	2.92
1390	99.3103448	2.9	2.77
1020	78.88199	3.22	3.05
880	84.48276	2.9	2.71
1030	84.65116	2.15	1.92
1000	85.18519	2.7	2.32
880	80.93023	2.15	3.37
1170	98.909091	2.75	3.81
1280	98.62069	2.9	3.92
820	93.103448	2.9	2.54
1190	97.586207	2.9	3.61
790	61.70213	2.35	2.05
1070	77.81818	2.75	2.93
1110	65.11628	2.15	3.11
980	88.69565	5.75	2.98
1270	89.30233	2.15	3.62
1090	93.090909	2.75	2.67
990	86.2069	2.9	1.87
1000	86.64122	2.62	2.13
1060	88.54962	2.62	2.58
1090	90.513834	2.53	3.41
1080	82.20339	2.36	2.5
920	90.909091	2.53	3.43
1430	99.1071429	2.24	3.94
1320	99.5762712	2.36	3.63
1040	87.74704	2.53	2.06
950	66.1017	2.36	2.82
970	84.68468	2.22	2.69
1090	88.55932	2.36	3.03
980	95.945946	2.22	3.65
1080	88.93281	2.53	3
860	57.14286	.14	2.74
910	80.76923	.26	2.64
1010	73.07692	.26	3.18
1010	61.78571	2.8	1.59
1120	98.214286	2.8	2.73
950	93.928571	2.8	3.11
780	87.14286	2.8	3.67
1130	94.285714	2.8	3.37
940	84.41177	3.4	2.2
1020	92.857143	2.8	3.18
1020	87.14286	2.8	2.75
890	93.571429	2.8	3.36
1070	68.23529	3.4	1.92
850	81.42857	2.8	2.57
1330	96.428571	2.8	3.64
890	68.92857	2.8	2.75
1080	97.352941	3.4	3.16
950	73.57143	2.8	2.62
1230	99.6428571	2.8	3.88
870	55.29412	3.4	2.65
1290	77.85714	2.8	2.52
1120	95.0	2.8	2.45
1220	97.857143	2.8	3.02
790	84.28571	2.8	2.32
1200	99.6428571	2.8	4
890	74.11765	3.4	1.55
1060	93.235294	3.4	3.23
1080	93.571429	2.8	3.04
1050	85.35714	2.8	3.16
850	78.21428	2.8	2.28
740	46.78571	2.8	1.95
920	88.92857	2.8	2.14
1120	83.52941	3.4	1.13
1050	94.117647	3.4	3
1360	92.058824	3.4	2.77
1230	93.928571	2.8	1.93
890	84.28571	2.8	2.56
940	82.14286	2.8	1.96
1020	66.07143	2.8	2.42
980	67.94118	3.4	2
1050	87.35294	3.4	2.12
1000	91.764706	3.4	2.5
940	90.714286	2.8	2.66
1110	92.647059	3.4	2.6
1080	83.57143	2.8	2.18
850	66.07143	2.8	1.85
920	70.0	2.8	1.84
970	91.071428	2.8	3.32
1030	90.0	2.8	2.82
820	76.78572	2.8	2.12
800	79.11765	3.4	1
910	74.64286	2.8	2.89
1040	91.176471	3.4	2.81
960	97.023809	1.68	1.68
960	94.267516	1.57	2.05
1110	42.85714	.28	2.64
1190	92.20339	2.95	2.73
1090	86.85259	2.51	3.06
780	56.93431	2.74	2.38
1110	96.949152	2.95	3
980	95.255475	2.74	2.21
840	93.559322	2.95	2.36
930	91.23506	2.51	1.31
840	64.62264	2.12	2.27
1090	49.5283	2.12	1.84
1030	66.98113	2.12	2.21
770	90.438247	2.51	2.26
1280	99.5283019	2.12	4
930	88.20755	2.12	2.03
1000	82.0339	2.95	2.36
870	85.65737	2.51	1.3
1070	95.59322	2.95	2.27
910	96.698113	2.12	2.92
1040	86.77966	2.95	2.82
910	88.32117	2.74	1.89
1110	98.175182	2.74	3.37
950	86.44068	2.95	2.7
940	85.25896	2.51	2.85
1170	94.525548	2.74	3.43
860	90.847458	2.95	2.23
1020	68.9243	2.51	3.31
930	88.67924	2.12	1.9
860	86.05578	2.51	.25
1190	97.169811	2.12	3.47
950	86.45418	2.51	2.53
930	81.01695	2.95	2.27
1190	99.6350365	2.74	3.42
1070	59.90566	2.12	2.26
1120	99.2647059	1.36	3.71
1070	91.176471	1.36	3.05
920	97.058824	1.36	2.5
1200	96.103896	.77	3.82
1060	96.103896	.77	2.1
1070	94.805195	.77	3.1
1150	98.75	.8	3.53
1000	95.714286	1.4	3.81
1240	92.857143	1.4	2.53
1000	90.178572	1.12	2.69
1190	89.28571	1.12	2.07
1060	99.3006993	1.43	3.11
1180	98.373984	1.23	3.58
920	83.73984	1.23	1.94
1030	93.220339	1.18	2.43
1080	93.650794	1.26	2.88
1110	97.457627	1.18	3.09
1200	99.1869919	1.23	4
980	77.11864	1.18	2.02
840	77.11864	1.18	2.27
1060	94.067797	1.18	3.45
1230	99.1525424	1.18	3.6
980	88.13559	1.18	2.28
870	89.80892	1.57	1.87
1340	99.3630573	1.57	3.48
890	95.918367	1.47	3.12
870	68.0	1.75	2.67
1080	75.34247	1.46	2.17
940	92.517007	1.47	2.66
1230	99.3506494	1.54	3.58
1050	95.238095	1.47	2.17
1040	87.07483	1.47	3.06
990	89.14286	1.75	2.31
1050	87.7551	1.47	1.88
1020	90.184049	1.63	3.47
1030	99.386503	1.63	3.9
830	86.6242	1.57	2.33
1180	96.178344	1.57	3.04
1020	68.18182	.22	2.06
890	27.27273	.22	1.72
990	88.23529	.34	3.59
1260	96.412556	2.23	2.73
970	99.5024876	2.01	2.95
710	85.5	2	1.76
810	95.515695	2.23	2
920	93.5	2	1.57
930	58.5	2	2.5
1310	74.0	2	2.7
1260	98.00995	2.01	2.01
1170	97.044335	2.03	2.24
1060	98.029557	2.03	3.26
1270	96.174863	1.83	1.72
980	63.38798	1.83	1.75
1210	99.2248062	2.58	4
880	74.8062	2.58	2
1260	97.814208	1.83	2.81
1030	87.97814	1.83	2.58
1060	93.023256	2.58	3.05
900	89.07104	1.83	2.57
1030	87.43169	1.83	2.06
670	65.23605	2.33	2.05
1060	86.43411	2.58	2.08
1070	98.907104	1.83	3.41
1070	98.029557	2.03	2.9
800	79.45737	2.58	1.72
1180	85.65891	2.58	2.95
930	83.33333	2.58	2.26
860	82.55814	2.58	2.43
930	98.062016	2.58	3.66
1060	98.93617	1.88	2.76
810	94.0	2	2.69
1280	89.47368	.19	2.73
1050	33.33334	.21	2.1
770	85.41667	.48	3.24
950	97.959184	.49	2.88
870	94.656488	1.31	2.5
750	97.468354	.79	2.34
870	90.0	.4	3.3
880	87.5	.4	3.14
920	56.75676	.37	2.21
810	80.0	.4	2.71
890	82.22222	.45	2.46
1020	95.0	.4	1.71
1110	92.553192	.94	2.42
610	37.1134	.97	2.14
960	95.744681	.94	2.81
920	54.65116	.86	1.66
870	81.39535	.86	2.2
1150	86.30137	.73	2.27
1370	97.260274	.73	2.72
1020	93.333333	.3	2.83
960	76.66667	.3	1.4
1200	80.0	.3	1.5
970	87.7551	1.96	2.55
1010	86.49789	2.37	2.41
1210	97.046413	2.37	2.82
1050	96.202532	2.37	3.18
990	94.092827	2.37	2.47
1050	86.97917	1.92	2.84
1000	93.529412	1.7	1.94
960	67.89474	1.9	1.99
1130	91.561181	2.37	3.06
1040	85.71429	.14	3.24
1000	92.857143	.14	3.58
1140	80.0	.1	3.47
710	85.71429	.28	2.31
1290	97.727273	.44	4
1240	98.369565	1.84	3.13
1000	96.932515	1.63	2.23
890	95.454545	.66	2.48
1020	89.28571	.56	2.35
1010	91.796875	2.56	2.32
1040	95.583596	3.17	3.02
1010	73.55932	2.95	2.37
1050	96.240602	2.66	3.02
910	87.45763	2.95	2.69
1000	83.98437	2.56	2.3
990	64.40678	2.95	2.95
920	80.12618	3.17	2.84
1060	97.368421	2.66	2.25
830	55.93221	2.95	2.05
990	96.992481	2.66	3.53
1320	96.09375	2.56	3.55
1100	98.119122	3.19	3
1090	98.983051	2.95	3.73
760	52.54237	2.95	2.08
980	84.38538	3.01	2.1
1020	76.61017	2.95	2.47
1010	81.64062	2.56	1.9
890	94.736842	2.66	3.16
1030	81.05263	5.7	2.32
1170	89.27445	3.17	3.75
720	90.536278	3.17	2.88
1170	83.20896	2.68	3.37
890	65.82278	3.16	1.66
910	69.93671	3.16	2.3
1000	85.3125	3.2	2.65
900	74.0625	3.2	1.81
1050	95.0	3.2	3.76
1050	94.303797	3.16	3.37
730	85.07463	2.68	3.25
1080	73.41772	3.16	.75
1090	87.65823	3.16	2.18
1230	95.9375	3.2	3.6
1070	95.253165	3.16	2.84
1230	97.1875	3.2	2.77
940	50.31646	3.16	.8
920	83.86076	3.16	2.36
1450	96.987952	3.32	3.77
1060	85.625	3.2	3
970	58.22785	2.37	2.4
1160	97.536946	2.03	4
1100	64.03941	2.03	2.86
880	64.03941	2.03	2.16
890	80.29557	2.03	2.27
1250	92.417062	2.11	3.64
1390	93.596059	2.03	3
1250	96.059113	2.03	3.5
1290	96.551724	2.03	3.65
870	69.12442	2.17	3.21
1100	93.103448	2.03	3.37
1170	97.044335	2.03	3.23
870	35.07109	2.11	1.6
1220	96.551724	2.03	3.14
970	35.9447	2.17	2.08
930	48.27586	2.03	2.21
1000	65.51724	2.03	2.02
1090	83.87097	2.17	2.31
1260	89.16256	2.03	2.76
870	84.83412	2.11	3.31
1060	86.2069	2.03	3.93
1030	86.63594	2.17	2.96
1040	64.53202	2.03	2.35
1220	83.25123	2.03	2.55
890	43.60189	2.11	1.7
870	54.83871	2.17	2.31
750	32.22749	2.11	1.95
940	73.73272	2.17	3.36
1030	91.469194	2.11	3.25
1090	68.47291	2.03	2.36
1120	91.24424	2.17	3.22
1020	88.83929	2.24	3.53
820	36.84211	2.09	2.09
1050	78.32512	2.03	3.07
970	73.89163	2.03	2.21
990	89.90385	2.08	3.38
1010	76.84729	2.03	2.51
1090	93.103448	2.03	3.46
1160	78.81773	2.03	3.3
1010	75.57604	2.17	2.15
1030	89.09953	2.11	3.64
1020	76.4977	2.17	2.57
1360	81.51659	2.11	4
1150	90.047394	2.11	3.81
1140	55.17241	2.03	2.95
1190	99.5073892	2.03	3.8
740	74.87685	2.03	2.86
810	67.29858	2.11	2.37
1170	88.39286	2.24	3.06
970	39.40887	2.03	1.5
1140	60.18958	2.11	1.73
920	61.61137	2.11	1.76
950	66.34615	2.08	3
1190	92.626728	2.17	3.65
950	61.60714	2.24	1.94
1080	75.57604	2.17	3.02
1100	93.838862	2.11	3
1110	95.073892	2.03	3.68
850	44.82759	2.03	2.11
810	65.43779	2.17	2.26
960	69.66825	2.11	1.73
1060	84.72906	2.03	2.35
900	64.0553	2.17	3.05
950	57.63547	2.03	2.88
970	90.32258	2.17	2.79
980	79.31034	2.03	2.66
900	87.5	2.24	3.17
940	74.88152	2.11	2.77
970	70.44335	2.03	2.14
1050	79.62085	2.11	2.12
810	78.57143	1.68	2.33
1090	51.2	1.25	2.25
1070	88.69048	1.68	2.81
910	52.8	1.25	2.1
970	56.54762	1.68	1.43
930	82.4	1.25	2.73
1050	61.90476	1.68	1.68
1180	91.946309	1.49	2.2
990	88.8	1.25	3.16
1080	70.23809	1.68	2.56
920	55.35714	1.68	2.58
890	76.0	1.25	2.56
1050	98.4	1.25	3.72
1210	92.0	1.25	2.48
970	66.07143	1.68	1.5
920	61.6	1.25	2.4
1070	73.6	1.25	3.27
1100	83.2	1.25	2.46
1340	99.4047619	1.68	3.75
1030	88.8	1.25	2.4
1160	40.0	.05	1.93
1160	96.428571	.28	3.54
1000	44.44444	.27	3.2
890	33.33334	.27	2.4
1000	40.0	.05	2.56
1170	71.50538	1.86	3
990	61.93548	1.55	2.76
1000	94.527363	2.01	3.66
1140	37.09678	1.86	2.23
980	59.67742	1.86	2.37
850	47.09678	1.55	2.17
1040	69.67742	1.55	2.62
1050	76.12903	1.55	3.23
1040	81.59204	2.01	2.54
1220	94.303797	1.58	3.32
980	62.90322	1.86	2.76
1130	99.5024876	2.01	3.72
920	73.65591	1.86	2.35
1080	50.74627	2.01	2.31
1170	99.0049751	2.01	3.64
830	62.5	1.76	2.88
1020	63.87097	1.55	2.44
880	83.22581	1.55	2.72
1340	99.4623656	1.86	3.87
960	41.93548	1.86	1.66
1020	87.34177	1.58	2.37
1100	85.07463	2.01	2.47
1070	82.27848	1.58	3.34
1060	98.00995	2.01	3
1040	70.25316	1.58	2.19
1160	91.772152	1.58	3.22
1160	87.74194	1.55	2.96
1230	97.311828	1.86	4
970	88.0597	2.01	2.48
1090	87.09677	1.86	3.18
1080	98.076923	2.08	2.03
900	91.025641	2.34	2.26
790	96.108949	2.57	1.89
950	71.875	.32	1.23
1220	93.75	.32	4
960	37.5	.32	2.26
1220	83.33333	.24	3.23
1120	96.071429	2.8	2.84
1020	95.0	2.8	2.54
1120	85.52632	2.28	2.55
1160	97.857143	2.8	3.02
880	42.61604	2.37	2.4
1170	93.859649	2.28	3
1010	92.5	2.8	2.26
1050	90.357142	2.8	2.03
1100	95.357143	2.8	3.16
920	89.28571	2.8	3
1320	99.0243902	2.05	3.46
1000	85.85366	2.05	2.86
790	84.39024	2.05	2.02
1000	80.71428	2.8	1.58
810	55.26316	2.28	2.11
1230	97.073171	2.05	3.43
950	82.43902	2.05	2.53
820	88.29268	2.05	3.06
990	91.071428	2.8	3.36
1160	96.036585	3.28	3.53
1120	87.5	2.8	2.35
1110	93.658536	2.05	3.21
1020	91.666667	2.28	2.37
1100	95.714286	2.1	3.37
1210	94.758065	2.48	2.8
1290	94.036697	2.18	3.82
990	66.12903	2.48	1.62
1030	76.21359	2.06	3.17
1110	87.61905	2.1	2.89
1100	85.92233	2.06	2.09
930	88.09524	2.1	2.55
1090	79.3578	2.18	2.12
1080	86.8932	2.06	2.51
950	82.8	2.5	1.96
1100	83.94495	2.18	3.31
800	92.201835	2.18	3
920	53.21101	2.18	1.38
1040	92.718447	2.06	2.4
1120	56.42202	2.18	2.54
1160	93.548387	2.48	2.53
1140	96.601942	2.06	3.82
800	66.50486	2.06	2.07
1030	75.22936	2.18	2.88
1080	81.85484	2.48	3.83
1240	81.65138	2.18	3.11
1150	60.0	.05	2.77
950	20.0	.05	2.19
1300	60.0	.05	2.53
1340	94.444445	.72	3.93
1130	20.0	.05	2.13
1140	20.0	.05	3.23
960	20.0	.05	2.28
1280	60.0	.05	2.78
1080	81.30435	2.3	1.64
950	85.21739	2.3	2.62
1130	89.13043	2.3	2.75
900	83.40611	2.29	3
1080	92.139738	2.29	1.7
890	74.67249	2.29	.8
900	74.34783	2.3	1.76
1010	87.33624	2.29	2.66
1240	96.086957	2.3	2.53
990	93.478261	2.3	2.71
1160	87.5	1.68	1.89
1000	90.476191	1.68	2.55
1060	66.66667	.18	2.82
1090	50.0	.18	1.95
930	81.01266	1.58	1.73
970	95.56962	1.58	2.53
830	88.66667	1.5	1.3
1210	98.734177	1.58	3.02
730	95.408163	1.96	2.98
1230	96.610169	1.77	3.64
1070	98.979592	1.96	3.17
860	88.77551	1.96	2.56
1020	87.00565	1.77	2.3
1130	98.019802	2.02	3.05
940	86.04651	1.72	2.16
1030	98.412698	1.89	2.75
590	46.0396	2.02	1.53
1030	98.453608	1.94	3.87
920	85.49223	1.93	2.2
990	89.74359	1.17	2.63
700	59.39849	1.33	3.3
1000	97.972973	1.48	2.07
1040	93.918919	1.48	.92
790	94.017094	1.17	2.82
1110	78.37838	1.48	1.15
1130	98.804781	2.51	3.14
1180	99.6855346	3.18	3.8
930	96.960486	3.29	2.58
850	96.25	3.2	2.8
1020	97.445256	2.74	2.6
1010	94.820717	2.51	3.02
1130	98.175182	2.74	3.22
1350	95.61753	2.51	1.61
1200	98.406374	2.51	3
820	87.59124	2.74	2.74
1010	81.44654	3.18	2.31
910	91.666667	1.08	2.11
870	97.272727	1.1	2.77
1130	93.013101	2.29	3.29
1060	91.703056	2.29	2.11
930	83.40611	2.29	2.66
1050	90.0	.1	2.59
1090	95.633188	2.29	3.22
1050	99.5726496	2.34	2.38
1000	80.0	.1	3.47
1080	87.33624	2.29	3.26
810	95.327103	2.14	1.98
1290	93.965517	2.32	3.73
1150	97.368421	.38	2.75
810	97.142857	.35	1.64
1000	97.222222	1.8	2.74
940	82.03884	2.06	2.92
940	83.49515	2.06	2.27
1250	94.660194	2.06	2.85
1040	75.0	1.8	1.88
830	78.23834	1.93	2.49
940	88.33333	1.8	2.68
910	90.35533	1.97	2.53
1150	88.82682	1.79	2.08
1200	89.32039	2.06	2.62
990	68.93204	2.06	.3
790	71.11111	1.8	2.78
740	75.41899	1.79	2.81
1290	98.058252	2.06	3.62
1090	85.43689	2.06	2.85
1260	94.413408	1.79	2.1
1170	97.572815	2.06	3.64
910	80.0	1.75	1.53
1040	72.28916	.83	3.18
940	81.70732	.82	3
1000	88.4058	.69	3.35
810	14.49275	.69	2.45
840	76.82927	.82	2.86
910	52.17391	.69	2.6
980	81.92771	.83	3.13
1020	72.46377	.69	2.78
780	84.68085	2.35	2.01
990	86.80851	2.35	2.6
1060	91.666667	1.8	2.12
910	88.29268	2.05	1.86
1010	75.55556	1.8	.46
810	88.31776	2.14	2.15
920	94.0	4.5	1.92
1050	79.35484	4.65	2.92
820	71.77778	4.5	2.38
1080	57.55556	4.5	1.97
1160	89.67742	4.65	3.5
1000	85.5914	4.65	2.75
1030	90.339426	3.83	2.62
1000	71.27937	3.83	2.34
1020	67.33333	4.5	3.34
900	58.06452	4.65	1.53
940	76.88889	4.5	1.87
1180	90.222222	4.5	3.33
1130	89.03394	3.83	3.41
920	75.33333	4.5	3.21
1220	98.27957	4.65	4
1000	86.66667	4.65	3.68
990	60.64516	4.65	2.3
950	81.90045	4.42	2.93
1080	86.22222	4.5	2.73
1110	33.76344	4.65	1.76
970	83.77778	4.5	3.11
1020	83.84615	3.9	2.04
1060	84.5953	3.83	3.25
860	88.8172	4.65	1.35
970	70.0	3.9	2.13
1000	81.50538	4.65	2.88
1100	71.39785	4.65	2.11
1210	94.408602	4.65	2.72
1090	75.26882	4.65	3.14
880	69.67742	4.65	1.84
970	85.90078	3.83	2.6
1050	87.55556	4.5	3.11
1050	50.32258	4.65	2.53
1060	59.74359	3.9	2.05
910	69.74359	3.9	2.01
830	78.44444	4.5	2.8
1110	92.307693	3.9	3.01
1210	97.419355	4.65	3.29
990	80.66667	4.5	2.4
1200	97.911227	3.83	3.09
940	70.44444	4.5	2.71
1000	61.3577	3.83	2.07
1160	78.0083	2.41	3.07
930	80.07519	2.66	3
1210	86.8421	2.66	1.8
960	74.06015	2.66	1.46
1100	95.0	2.4	2.88
950	72.61411	2.41	2.2
1100	90.977444	2.66	3.41
1050	98.672566	2.26	3.72
960	77.08333	2.4	2.06
1220	99.6666667	3	2.76
980	99.3333333	3	2.74
900	90.0	3	2.21
1010	97.407408	2.7	2.26
1180	52.83019	.53	2.15
960	64.40678	.59	2.06
1140	66.1017	.59	2.18
880	12.34568	.81	2.24
990	72.28916	.83	3.23
840	27.16049	.81	2.35
1000	31.3253	.83	2.51
1150	71.42857	.7	3.54
1010	67.90123	.81	3.04
1080	73.9726	.73	1.7
1320	76.54321	.81	3.01
910	72.83951	.81	3.32
1170	80.24691	.81	2.89
1090	90.361445	.83	2.72
1040	50.0	.84	2.62
950	65.71429	.7	2.71
1050	63.0137	.73	2.47
960	30.8642	.81	2.11
1000	58.02469	.81	2.23
820	48.14815	.81	2.62
1220	40.0	.7	2.46
1350	91.0	4	2.95
1110	81.75	4	2.61
1280	98.0	4	3.7
940	86.5	4	2.92
990	70.0	4	2
1140	92.25	4	2.44
980	66.5	4	2.44
870	58.0	4	1.75
1080	88.5	4	1.9
1170	89.71429	3.5	3.35
1220	62.5	4	3.07
1130	82.25	4	2.11
880	83.25	4	1.77
1000	76.5	4	2.18
1110	88.0	4	2
1190	67.5	4	2.23
1090	96.75	4	3.75
1170	93.25	4	2.35
1130	80.0	4	2.42
1050	92.0	4	2.73
950	93.75	4	2.94
1210	70.25	4	2.16
950	72.0	4	.84
990	95.652174	1.61	2.1
1250	99.378882	1.61	3.4
840	97.826087	2.3	1.18
860	80.12422	1.61	1.94
840	96.521739	2.3	2.36
960	97.409326	3.86	2.43
920	86.01036	3.86	2.46
1010	96.285714	3.5	2.78
850	75.42857	3.5	2.02
1100	96.891192	3.86	3.25
960	88.34197	3.86	2.28
950	91.968912	3.86	2
950	93.523316	3.86	2.56
840	92.285714	3.5	2.8
860	93.714286	3.5	2.19
800	94.256757	2.96	2.54
1060	94.571429	3.5	2.23
980	85.47297	2.96	2.55
770	42.22798	3.86	1.35
1010	96.891192	3.86	3.76
1100	95.428571	3.5	1.71
1060	96.341463	.82	1.82
1060	86.60714	1.12	2.53
1100	61.73913	1.15	1.66
1140	99.1304348	1.15	3.82
810	98.809524	.84	2.2
880	98.93617	.94	2.44
920	88.69863	2.92	2.52
1000	98.154981	2.71	2.25
1040	97.416974	2.71	3
1020	92.647059	.68	4
1180	76.25232	5.39	2
850	63.88889	.72	3.27
910	49.33333	.75	3.23
990	95.833333	.72	2.41
890	8.69566	.69	2.75
990	96.153846	.52	2.94
900	92.307693	.78	1.81
700	97.777778	.9	2.22
1000	92.99363	1.57	2.29
910	68.92655	1.77	1.6
1080	96.815287	1.57	3.11
840	98.93617	.94	2.08
1010	50.0	.12	1.66
1100	95.515695	2.23	2.77
1110	97.378277	2.67	3.38
960	92.509363	2.67	2.38
830	90.8	2.5	2.73
1100	96.721312	2.44	3.7
910	87.64045	2.67	1.46
1030	94.805195	.77	2.81
1130	89.33333	.75	2.84
1150	96.25	.8	3.23
1100	91.22807	.57	2.31
1170	97.222222	.72	2.58
920	92.4	2.5	3.31
1000	86.06557	2.44	3
1240	90.196078	2.04	1.94
1030	91.6	2.5	3.45
1080	92.622951	2.44	2.29
990	88.93443	2.44	3.18
1290	89.34426	2.44	3.02
880	69.31408	2.77	2.7
1150	97.540984	2.44	2.77
1240	97.54902	2.04	3.25
1000	89.6	2.5	2.61
990	84.80392	2.04	2.14
1130	92.996109	2.57	3.47
1110	95.588235	2.04	3.38
980	93.852459	2.44	2.18
950	92.213115	2.44	3.77
1200	97.761194	2.68	2.82
950	83.95522	2.68	2.08
1020	94.485294	2.72	2.69
850	77.98507	2.68	2
1010	70.18182	2.75	1.77
1260	98.529412	2.72	3.29
870	94.402985	2.68	2.06
970	81.98529	2.72	2.45
870	95.149254	2.68	2.61
1130	98.507463	2.68	3.18
860	62.37624	3.03	2.84
950	90.298508	2.68	.76
890	88.80597	2.68	2.17
1050	99.2647059	2.72	3.5
940	73.50746	2.68	1.52
950	94.029851	2.68	2.76
1020	48.89706	2.72	2.13
1180	95.522388	2.68	3.41
690	49.20635	3.15	1.75
770	78.18182	2.75	2.88
1030	94.776119	2.68	3.62
1020	85.29412	2.72	2.3
1120	93.283582	2.68	1.92
730	75.72816	3.09	1.53
780	90.44586	3.14	2.24
890	88.60294	2.72	2.65
930	75.0	2.68	2.17
1060	88.72727	2.75	2.09
840	60.8209	2.68	1.53
1090	74.25373	2.68	1.5
800	80.14706	2.72	2.48
1140	91.911765	2.72	2.23
830	86.39706	2.72	2.6
880	95.709571	3.03	2.33
1460	99.4397759	3.57	2.94
1030	89.15254	2.95	3.17
970	86.19403	2.68	1.87
900	97.009967	3.01	2.95
1010	83.33333	.12	1.93
1040	81.81818	.11	2.77
870	40.0	.1	3.47
910	81.81818	.11	2.32
720	75.96154	2.08	2.44
1000	81.73077	2.08	1.92
1180	98.918919	1.85	3.78
960	68.29268	2.05	1.92
860	71.63461	2.08	2.38
1060	95.192307	2.08	3.25
1120	98.076923	2.08	2.73
820	82.43902	2.05	1.67
880	97.115385	2.08	2.38
1060	94.230769	2.08	2.82
940	85.94595	1.85	2.13
940	98.823529	.85	3.58
740	96.825397	1.26	1.41
990	56.75676	.37	2.63
1180	92.0	.25	3.66
950	70.37037	.27	3.06
950	44.0	.25	2.26
970	81.48148	.27	3.67
1130	98.961938	2.89	3.61
1280	96.193772	2.89	3.22
970	82.69896	2.89	2.86
830	70.20408	2.45	2.02
1000	82.50951	2.63	2.71
870	90.079365	2.52	2.82
1020	93.770492	3.05	2.28
1190	97.577855	2.89	4
900	94.098361	3.05	3.13
1100	91.269841	2.52	2.46
780	69.89619	2.89	1.95
870	84.12698	2.52	2.47
1130	65.64885	2.62	1.71
1020	65.09091	2.75	2
990	90.0	2.5	2.69
1030	98.684211	2.28	3.46
970	95.238095	2.52	2.47
1170	86.4	2.5	2.51
1060	92.460318	2.52	2.85
1120	94.047619	2.52	2.58
820	71.63636	2.75	1.85
860	82.18182	2.75	2.38
980	94.736842	2.28	2.78
1100	97.6	2.5	3.54
1140	96.4	2.5	3.73
950	91.636364	2.75	1.86
1040	97.222222	2.52	2.23
820	83.63636	2.75	2.25
1060	97.368421	2.28	3.51
880	69.81818	2.75	2.56
1340	99.6031746	2.52	3.44
1060	74.5614	2.28	2.18
1050	88.59649	2.28	2.74
1080	92.363636	2.75	3.31
990	84.21053	2.28	2.18
920	85.81818	2.75	2.8
1050	63.15789	2.28	2.21
720	94.715447	2.46	2.08
770	89.88327	2.57	2.22
1190	96.938776	1.96	2.41
870	77.33333	1.5	2.58
1140	96.236559	1.86	3.79
1040	95.378151	2.38	3.06
1050	86.97479	2.38	2.46
1320	99.5798319	2.38	4
850	85.18519	1.89	2.63
950	87.83784	1.48	2.53
1100	68.91892	1.48	3.16
1290	97.478992	2.38	4
960	97.297297	1.48	2.95
1050	82.77311	2.38	1.76
890	79.36508	1.89	2.86
1020	80.33708	1.78	1.97
1110	93.258427	1.78	2.21
960	84.03361	2.38	2.21
930	58.82353	2.38	2.71
1190	96.296296	1.89	2.82
980	80.67227	2.38	2.76
1230	97.89916	2.38	4
940	84.87395	2.38	2.52
1040	66.66667	1.89	3.16
960	94.666667	1.5	3.32
1060	76.66667	1.5	2.36
1280	92.857143	2.38	3.47
1340	96.638655	2.38	4
1050	80.89888	1.78	1.77
1100	87.30159	1.89	2.31
980	95.798319	2.38	3.73
1130	94.708995	1.89	2.91
1140	95.238095	.63	2.62
1000	60.86956	.23	2.36
1060	69.56522	.23	1.05
1190	98.178138	4.94	3.56
1090	95.454545	3.96	2.72
640	69.10112	5.34	1.92
880	93.266833	4.01	2.2
1020	91.666667	3.96	1.92
1010	90.656566	3.96	1.53
1410	98.777506	4.09	3.72
820	86.40553	4.34	2.36
880	87.16707	4.13	.53
1010	88.13559	4.13	2.61
1240	93.88753	4.09	2.57
890	77.23971	4.13	1.61
960	70.21792	4.13	1.6
1140	97.727273	3.96	3.04
900	80.798	4.01	3.06
950	96.577017	4.09	3.55
910	88.99755	4.09	3.61
1150	96.08802	4.09	2.94
1030	87.4092	4.13	2.11
1070	91.283293	4.13	2
850	55.69007	4.13	1.28
960	90.220049	4.09	1.92
1030	98.989899	3.96	3.93
1030	94.188862	4.13	2.58
1040	93.434343	3.96	3.28
1110	98.737374	3.96	3.29
950	96.508728	4.01	2.5
960	90.024938	4.01	3.06
900	83.86308	4.09	2.79
950	83.19838	4.94	2.28
1040	94.513716	4.01	2.73
1020	97.474747	3.96	2.54
910	89.34625	4.13	1.23
890	98.734177	.79	1.62
1200	96.363636	2.75	3.38
780	88.125	3.2	1.92
950	97.1875	3.2	2.88
950	98.913043	2.76	2.94
730	87.31884	2.76	2.52
880	95.625	3.2	2.61
1280	98.913043	2.76	3.32
1100	74.21053	3.8	2.46
890	86.79245	1.06	2.47
1110	86.27451	1.02	1.95
1130	96.116505	1.03	3.33
920	89.32039	1.03	3.36
1120	94.098361	3.05	3.17
1070	84.81481	2.7	2.38
1180	98.888889	2.7	2.3
1140	96.923077	3.25	3.1
870	83.7037	2.7	2.48
1210	96.0	3.25	2.94
1090	92.285714	3.5	3.04
990	97.538461	3.25	2.78
1110	95.652174	3.68	2.74
940	84.67433	2.61	2.37
1150	98.369565	3.68	3.64
1000	96.927374	3.58	3.17
980	97.318008	2.61	2.85
930	88.26816	3.58	2.64
1150	99.1620111	3.58	2.94
860	69.8324	3.58	2.07
910	83.33333	.9	2.33
960	78.02198	.91	.64
900	66.66667	1.98	.92
1250	98.230088	2.26	3.23
1180	96.347032	2.19	3.26
860	88.34081	2.23	2.07
1050	99.086758	2.19	4
1010	94.949495	1.98	3
1190	98.484848	1.98	2.33
1020	93.607306	2.19	2.77
1290	97.260274	2.19	2.93
910	69.46903	2.26	2.38
1210	99.4949495	1.98	3.82
990	74.77876	2.26	2.43
970	74.33628	2.26	2.07
940	84.51327	2.26	2.25
1310	98.173516	2.19	3.93
1000	87.87879	1.98	2.18
1060	91.780822	2.19	2.33
1000	65.47085	2.23	2.03
1010	94.690266	2.26	3.35
950	90.582959	2.23	2.69
1080	68.75	1.12	2.97
920	86.15385	1.95	1.74
1220	95.5	2	2.46
1040	96.354167	1.92	3.14
880	98.305085	1.77	2.49
850	91.666667	1.92	1.92
910	89.83051	1.77	2.76
1170	94.347826	2.3	2.61
1150	99.0	2	3.06
990	88.5	2	2.12
1000	95.5	2	2.72
1050	90.0	.1	2.89
1160	40.0	.1	1.73
1150	40.0	.1	3.15
1030	30.0	.1	2.72
820	76.55502	2.09	1.91
1140	86.66667	2.4	2.18
1140	94.977169	2.19	4
980	74.54545	2.2	3.16
1130	81.33971	2.09	3.45
1010	95.0	2.4	3.14
1080	95.0	2.2	3.5
960	92.410714	2.24	2.3
1020	90.430622	2.09	3.08
880	72.2488	2.09	2.54
970	94.520548	2.19	3.23
830	92.272727	2.2	2.69
1300	97.272727	2.2	3.24
980	78.63636	2.2	2.67
1220	82.27273	2.2	2.21
940	67.91667	2.4	1.8
1120	78.99543	2.19	2.78
970	67.27273	2.2	2.38
1090	74.16667	2.4	2.25
1090	64.54546	2.2	1.6
1150	72.27273	2.2	3.01
950	76.81818	2.2	1.85
1040	81.66667	2.4	1.45
1290	99.086758	2.19	4
1080	84.16667	2.4	2.76
1250	98.173516	2.19	3.43
810	89.95215	2.09	3.31
980	81.15183	1.91	2.4
700	35.07854	1.91	1.28
1030	80.56872	2.11	2.27
950	62.55924	2.11	2.07
970	89.5288	1.91	2.43
1070	91.623036	1.91	2.25
1050	95.375722	1.73	1.79
1030	80.62827	1.91	1.18
1180	93.364929	2.11	3.6
930	73.82199	1.91	2.54
1280	99.4764398	1.91	3.05
990	74.88152	2.11	2.81
1330	98.578199	2.11	3.85
880	72.25131	1.91	1.36
1140	98.104265	2.11	3.47
850	78.33333	1.2	2.67
1060	98.333333	1.2	2.35
1030	77.77778	.36	2.35
960	83.33333	.36	2.86
990	50.0	.36	2.62
980	78.26087	.23	3.22
1030	52.0	.25	2.38
940	69.44444	.36	2.77
1230	90.909091	.33	2.85
1120	77.77778	.36	2.3
1020	65.21739	.23	3
1110	98.295455	1.76	3.64
1340	97.6	1.25	2.28
950	92.045455	1.76	2.91
1100	93.38843	1.21	2.65
1000	43.24324	.37	1.69
1240	97.5	.4	3.84
1000	77.5	.4	2.56
1020	69.23077	.39	2.5
1010	83.33333	2.76	3.18
980	87.34568	3.24	2.75
860	75.92593	3.24	3
1020	94.565217	2.76	3.36
990	75.21008	2.38	2.27
910	69.32773	2.38	2.72
1130	69.2029	2.76	2.65
930	76.81159	2.76	2.31
1170	79.32099	3.24	2.66
1020	40.4321	3.24	3
1080	96.73913	2.76	3.93
960	61.41975	3.24	1.81
810	67.59259	3.24	.86
810	62.31884	2.76	2.11
880	89.50617	3.24	2.5
1190	97.173145	2.83	3.43
1160	86.5942	2.76	2.7
950	88.76812	2.76	2.32
1080	95.061728	3.24	3.27
1020	27.16049	3.24	2.33
1170	96.638655	2.38	3.24
900	61.5942	2.76	2.51
1180	88.58025	3.24	3.16
1150	94.427245	3.23	3.16
1270	56.17284	3.24	2
1090	54.01234	3.24	1.15
1050	75.30864	3.24	.87
1170	97.89916	2.38	3.91
1050	65.74074	3.24	2.63
1080	81.51261	2.38	3.32
1140	92.753623	2.76	2.9
1010	67.37288	2.36	2.76
1110	98.447205	3.22	3.57
1010	89.91597	2.38	2.2
1290	98.148148	3.24	3.82
1030	60.08403	2.38	1.9
1250	93.82716	3.24	2.11
1110	71.84874	2.38	1.91
1060	92.016807	2.38	3.19
1070	96.466431	2.83	3.29
890	83.33333	.12	2.82
910	90.0	.1	3.33
1130	75.0	.12	2.41
1020	63.63636	.11	2.62
1240	97.560976	5.74	2.83
900	84.17266	5.56	1.88
900	93.884892	5.56	2.52
860	66.02787	5.74	2.05
950	74.52472	5.26	2.42
1160	88.07157	5.03	2.35
1140	89.06561	5.03	2.15
1010	85.48708	5.03	1.96
990	64.92806	5.56	1.77
1120	88.40304	5.26	2
1070	91.254753	5.26	2.64
1020	85.1711	5.26	1.2
1030	70.68345	5.56	1.75
990	90.114068	5.26	2.75
930	86.33094	5.56	2.42
790	90.827338	5.56	2.31
1090	96.958175	5.26	3.63
1020	90.166976	5.39	2.59
1220	93.52518	5.56	2.91
1010	59.74026	5.39	2.52
1090	76.23574	5.26	1.61
900	67.11027	5.26	.8
1120	76.20818	5.38	1.77
950	76.23574	5.26	1
790	68.34532	5.56	2.6
1130	94.06308	5.39	3.11
1080	71.79963	5.39	2.37
1140	85.55133	5.26	2.46
970	68.27458	5.39	2.29
980	96.577947	5.26	3.23
970	95.627377	5.26	2.66
930	79.77736	5.39	2.06
820	69.58175	5.26	2.13
1220	88.27038	5.03	2.64
1100	82.50497	5.03	2.5
1170	95.818815	5.74	2.7
1040	91.280149	5.39	2.03
1140	73.38403	5.26	.28
890	86.87873	5.03	2.16
1230	91.444867	5.26	1.71
840	76.99443	5.39	2.62
1000	93.345324	5.56	2.13
1020	86.51079	5.56	2.23
1160	92.949907	5.39	2.07
750	87.01299	5.39	2.49
740	72.72727	1.32	2.64
910	93.069307	1.01	2.88
1200	98.93617	.94	3.52
1140	96.969697	1.32	3.46
930	84.84848	1.32	3
990	76.23762	1.01	2.81
880	86.51685	1.78	2.5
1120	79.08163	1.96	3.25
790	95.3125	1.92	2.66
950	92.1875	1.92	2.29
970	87.7551	1.96	2.88
1170	99.4152047	1.71	2.58
840	83.91304	2.3	2.74
960	90.625	1.92	2.91
970	85.20408	1.96	2.05
1080	81.63265	1.96	3.53
860	87.64045	1.78	2.75
1040	93.258427	1.78	2.83
980	83.33333	1.92	2.08
1130	59.6	2.5	2.02
990	70.58824	2.04	3.51
1010	75.52743	2.37	2.81
1010	92.436975	2.38	3.4
1090	50.63291	2.37	2
1090	79.74684	2.37	2.52
840	64.55696	2.37	2.64
1310	38.23529	2.38	2.29
830	70.58824	2.38	2.05
1100	92.827004	2.37	4
970	89.45148	2.37	3.81
1010	91.13924	2.37	3.6
1170	94.936709	2.37	4
1090	76.89076	2.38	3.36
1040	83.96625	2.37	3.18
1080	92.828685	2.51	2.94
1010	80.67227	2.38	3.2
1070	46.4135	2.37	1.76
1060	84.03361	2.38	2.91
1310	88.44621	2.51	3.03
1050	62.8692	2.37	2.86
1090	92.156863	2.04	3.53
880	72.1519	2.37	3.2
1070	81.09244	2.38	2.61
1290	95.35865	2.37	3.41
1120	79.32489	2.37	2
1110	64.14342	2.51	2.75
1090	56.86274	2.04	2.22
960	77.31092	2.38	2.44
930	75.52743	2.37	3.22
1210	79.32489	2.37	3.16
1300	75.69721	2.51	2.23
1040	40.92827	2.37	2.18
1050	64.9789	2.37	1.66
990	86.45418	2.51	2.7
810	84.80392	2.04	2.53
1010	82.35294	2.04	2.54
900	55.69106	2.46	2.53
1180	92.857143	2.38	3.33
980	75.29881	2.51	3.01
940	73.52941	2.38	2.06
1110	95.121951	.41	3.21
1080	84.31373	.51	1.38
870	96.666667	.3	3.54
830	88.48921	1.39	2.98
930	99.2805755	1.39	3.21
1150	97.841727	1.39	3.35
790	90.647482	1.39	3.01
1000	82.38636	1.76	2.05
1050	68.18182	1.76	2.1
870	93.52518	1.39	2.74
1180	89.20455	1.76	3.21
830	86.875	1.6	1.99
1050	91.515152	1.65	1.38
1060	90.0	.6	1.25
960	87.5	.16	2.56
990	94.08284	3.38	2.44
900	92.1875	3.2	2.85
970	97.928994	3.38	2.71
1430	88.46154	3.64	3.07
1110	95.0	3.2	2.32
1130	97.419355	3.1	3.75
1230	98.387097	3.1	3.61
1000	69.6875	3.2	1.81
940	93.870968	3.1	2.33
1110	96.451613	3.1	3.41
1020	90.10989	3.64	2.49
950	95.483871	3.1	1.25
1130	76.77419	3.1	3
1150	94.516129	3.1	2.81
1010	95.9375	3.2	3.13
1150	85.48387	3.1	2.92
990	81.25	3.2	1.79
1020	95.879121	3.64	2.81
1040	89.375	3.2	2.39
720	88.23529	1.02	2.34
1070	94.4	1.25	.72
1040	96.8	1.25	3.5
1090	97.647059	.85	3.4
900	76.47059	.85	1.23
1020	96.0	.75	3.44
700	85.45455	.55	2.56
750	84.0	1.75	2.54
930	81.71428	1.75	3.02
1240	98.285714	1.75	3.18
1300	99.5238095	2.1	4
1150	83.08458	2.01	2.88
1140	82.70677	1.33	3.14
1010	84.70588	1.7	2.66
1010	85.88235	1.7	2
1160	92.537313	2.01	3
1060	96.888889	4.5	3.21
820	80.25751	2.33	1.75
940	78.94737	1.33	2.01
1100	97.647059	1.7	2.97
1100	99.4285714	1.75	2.5
1140	44.0	.25	2.64
930	55.55556	.36	2.06
1030	88.88889	.27	3.13
960	48.14815	.27	2.62
1020	70.37037	.27	2.65
860	99.0697674	2.15	2.91
770	95.833333	1.68	2.64
1000	98.148148	2.16	3
860	99.4047619	1.68	2.14
960	99.5412844	2.18	3.29
830	98.550725	2.07	2
980	87.5	.08	3
970	74.57213	4.09	3.12
1150	99.1712707	3.62	1.86
860	90.464548	4.09	2.31
970	97.799511	4.09	2.5
980	96.961326	3.62	2.51
1290	99.4252874	3.48	2.52
640	34.84419	3.53	1.89
1260	99.7555012	4.09	4
970	94.252873	3.48	2.36
1190	98.777506	4.09	3.44
1190	88.4058	3.45	2.4
1050	80.32258	3.1	2.59
760	89.96865	3.19	2.88
1030	90.09009	3.33	2.1
1080	93.913043	3.45	3.68
1070	96.696697	3.33	2.89
1020	86.2069	3.19	2.22
740	86.95652	3.45	1.73
990	77.68116	3.45	1.75
1100	90.434783	3.45	2.44
1060	82.90322	3.1	2.97
1190	98.709677	3.1	2.38
1270	98.798799	3.33	3.56
1250	95.795796	3.33	2.51
980	88.40125	3.19	2.58
910	59.13044	3.45	1.86
1180	97.897898	3.33	2.58
1070	97.101449	3.45	2.82
920	60.18809	3.19	1.23
1190	93.393394	3.33	3.54
1180	94.984326	3.19	3.56
860	93.072289	3.32	2.65
1070	98.181818	1.65	2.86
1070	98.717949	1.56	3.74
1030	84.65909	1.76	2.57
880	78.84615	1.56	2.05
970	85.63536	1.81	2.29
1040	93.370166	1.81	1.4
1050	90.384615	1.56	2.03
1180	98.895028	1.81	3.47
1100	93.370166	1.81	3
1020	84.24242	1.65	2.71
910	93.922652	1.81	2.06
810	87.17949	1.56	2.07
980	96.132597	1.81	3.44
1020	93.589744	1.56	1.97
950	93.939394	1.65	2.97
1040	97.913043	5.75	2.91
960	65.64774	6.87	2.06
1070	83.30435	5.75	2.31
900	57.76224	7.15	2.35
1100	93.73913	5.75	3.19
1040	88.36066	6.1	2.69
1000	36.85121	5.78	2.25
990	65.21106	6.87	3.09
1180	97.762238	7.15	3.43
970	55.31295	6.87	1.75
1040	76.28572	7	3.65
1140	92.773109	5.95	2.95
910	77.04348	5.75	2.33
1140	59.53421	6.87	1.97
1040	67.30435	5.75	1.94
1110	74.26229	6.1	2.67
710	67.24891	6.87	2.29
1030	62.00873	6.87	1.76
1200	97.622378	7.15	3.62
990	67.54003	6.87	3.46
1150	86.29371	7.15	2.75
810	94.086957	5.75	3.34
970	75.94406	7.15	2.37
930	89.3913	5.75	3.27
970	93.304221	6.87	2.79
960	82.95652	5.75	2.06
1090	66.88525	6.1	2.19
1050	11.32867	7.15	1.3
1040	83.14286	7	2.48
1040	61.28093	6.87	2.21
1040	81.11888	7.15	2.62
970	81.95051	6.87	2.12
1070	78.6014	7.15	4
1040	86.06557	6.1	2.22
1070	78.36065	6.1	2.04
1230	87.91849	6.87	3.36
940	69.91304	5.75	2.12
1150	97.391304	5.75	3.71
1090	44.1958	7.15	1.56
860	47.14286	7	1.92
940	73.79913	6.87	3.52
1070	58.04196	7.15	1.33
890	72.30769	7.15	2.92
1090	91.703056	6.87	3.21
840	28.53147	7.15	1.18
960	95.409836	6.1	3.09
1090	64.77438	6.87	2
810	68.0	5.75	2.42
910	86.754	6.87	3.28
1020	67.27273	7.15	2.42
920	64.04658	6.87	1.96
1280	93.043478	5.75	3.03
960	62.95652	5.75	2.79
980	76.22378	7.15	2.31
1070	79.02098	7.15	2.93
1160	81.91304	5.75	2.92
1400	85.03496	7.15	3.83
1070	82.78688	6.1	1.54
1010	85.91304	5.75	2.13
1160	96.347826	5.75	3
890	86.06557	6.1	2.97
1020	43.08588	6.87	2.45
1220	77.54098	6.1	2.12
1050	65.17482	7.15	2.17
1260	93.285714	7	2.6
1000	82.78261	5.75	2.59
1040	92.347826	5.75	3.67
930	83.13043	5.75	2.51
900	52.30769	7.15	.41
1020	94.685315	7.15	3.06
990	60.97902	7.15	2.1
950	51.60839	7.15	2
1190	82.7972	7.15	3.11
1040	79.85714	7	1.97
1000	62.15429	6.87	2.47
1000	35.71429	7	1.82
920	66.01398	7.15	1.76
1180	37.61349	7.71	1.5
870	57.47899	5.95	2
1050	54.29403	6.87	2.12
1210	90.491803	6.1	3.01
1330	62.93706	7.15	2.7
1050	80.27972	7.15	2.8
1150	80.81967	6.1	3.01
900	89.88327	7.71	.91
1050	95.409836	6.1	2.94
1060	82.78688	6.1	1.91
950	86.43478	5.75	2.86
990	81.95804	7.15	2.4
950	53.56623	6.87	1.87
1120	99.3506494	1.54	3.83
900	86.36364	1.32	2.94
1260	92.207792	1.54	2.53
1000	90.825688	1.09	1.38
920	90.0	1.2	2.1
860	90.25974	1.54	2.64
910	90.909091	1.54	2.76
1130	79.54545	1.32	1.73
790	78.57143	1.4	3
1000	87.3494	1.66	1.42
970	86.66667	1.2	2.21
490	61.80556	1.44	1.97
1120	57.14286	.14	3.25
1060	91.358025	.81	1.81
920	94.666667	.75	2.66
900	62.96296	.81	1.93
1040	96.0	.75	3.11
950	85.0	.6	2
910	89.55224	.67	2.39
910	91.836735	.49	2.24
890	95.555555	.45	3.23
750	77.77778	.45	2.52
920	83.96947	1.31	2.68
1000	96.183206	1.31	3.5
800	90.076336	1.31	2.75
830	97.183099	1.42	2
730	77.95275	1.27	1.54
1260	98.425197	1.27	3
850	94.047619	.84	2.34
880	92.857143	.84	2.89
910	97.927461	1.93	2.02
950	84.09091	.44	2.66
950	56.0	.5	2.28
950	85.41667	.48	3.26
1000	82.0	.5	2.31
950	68.0	.5	1.88
920	90.909091	.44	3.36
1020	76.59575	.47	2.02
1100	97.916667	.48	4
1050	96.774194	.31	4
910	48.0	.25	2.6
970	91.304348	.23	2.81
1090	94.444445	2.52	3.33
750	98.122066	2.13	2.91
1200	98.305085	.59	3.02
960	92.783505	.97	2.75
940	91.752578	.97	2.57
880	67.44186	.86	1.93
1110	97.333333	.75	2.7
970	92.0	.75	2.35
1080	94.166667	3.6	3.05
1050	94.366197	3.55	2.2
1060	97.360704	3.41	2.73
930	86.44578	3.32	1.51
1130	79.44444	3.6	2.33
1120	96.470588	3.4	2.82
1150	94.164456	3.77	3.69
1290	94.721407	3.41	3.44
1010	98.055556	3.6	3
880	85.6338	3.55	1.68
950	89.65517	3.77	1.95
740	78.31325	.83	2.16
1060	98.785425	2.47	3.76
960	90.794979	2.39	2.62
850	96.65272	2.39	2.63
1110	91.954023	2.61	2
950	95.1417	2.47	2.14
1440	97.318008	2.61	2.88
1000	95.546559	2.47	2.02
1140	89.12134	2.39	2.4
1080	91.208791	.91	2.26
1000	97.183099	.71	2.2
1000	95.481928	3.32	3
1070	98.355263	3.04	2.47
1130	93.597561	3.28	3
1140	90.662651	3.32	2.69
1000	91.768292	3.28	2.17
1110	97.560976	3.28	2.6
1140	86.34812	2.93	2.24
960	99.3421053	3.04	3.39
1160	96.245734	2.93	3.33
980	86.74699	3.32	2.15
1200	98.976109	2.93	3.45
920	97.865854	3.28	3.64
1130	90.789474	3.04	1.76
890	93.072289	3.32	3.72
910	78.83959	2.93	2.18
1010	87.80488	3.28	2.81
1110	93.674699	3.32	2.33
1010	93.092105	3.04	2.85
1280	98.780488	3.28	4
990	80.0	.1	3.41
1330	96.560197	4.07	2.06
1060	66.4	3.75	2.18
1340	94.877506	4.49	3.22
1040	92.032967	3.64	2.97
1010	93.6	3.75	3.22
810	86.4	3.75	2.27
1170	94.654788	4.49	3
1320	97.866667	3.75	3.47
920	65.86666	3.75	3.56
860	75.73333	3.75	2.21
950	90.615836	3.41	2.75
880	68.15145	4.49	1.93
1200	98.663697	4.49	3.78
920	84.34066	3.64	2.12
970	93.095768	4.49	2.47
840	86.81319	3.64	2.55
1010	95.991091	4.49	2.81
850	84.4098	4.49	2.06
1160	98.901099	3.64	3.45
1060	83.2	3.75	2.11
980	51.00223	4.49	1.86
1300	95.604395	3.64	3.25
1240	96.213809	4.49	2.76
990	82.93333	3.75	3.14
1190	85.44396	6.87	3.29
1230	97.802198	3.64	3.8
1000	81.03448	1.16	1.73
710	44.44444	1.17	1.76
1290	83.33333	1.26	3.06
960	90.0	.1	2.42
1090	95.833333	1.2	2.67
1010	89.16667	1.2	2.23
1190	99.1666667	1.2	3
950	90.0	1.2	2.71
890	92.5	1.2	2.93
1280	97.115385	1.04	3.24
950	88.0	1	2.72
840	86.0	1	2.68
1150	96.666667	1.2	2.84
1080	99.0	1	3.16
1070	97.142857	.35	1.87
1200	99.2248062	1.29	3.52
870	50.0	.34	2.63
960	58.82353	.34	2.17
1140	97.058824	.34	3.66
1200	55.88235	.34	1.94
950	76.0	.25	2.5
1060	70.27027	.37	3.32
900	43.33333	.3	2.21
920	85.47009	2.34	.81
910	91.025641	2.34	1.43
1030	85.98131	2.14	2.45
1110	96.022727	1.76	3.17
970	92.890995	2.11	2.84
1180	96.590909	1.76	2.72
1060	91.477273	1.76	3.01
910	90.340909	1.76	1.86
1150	82.51748	2.86	2.98
1110	75.81227	2.77	2.62
850	46.33333	3	2.07
930	90.613718	2.77	2.44
1130	96.750902	2.77	3.03
1200	86.0	3	3.06
1000	51.35135	2.59	2.31
1050	70.65637	2.59	2.31
1010	29.0	3	1.63
990	78.70036	2.77	2.91
910	77.25632	2.77	2.29
760	47.88733	2.84	2.31
1180	92.0	3	3.06
1040	90.20979	2.86	3.33
1190	95.666667	3	3.42
1070	73.77622	2.86	3
860	72.97297	2.59	2.26
1310	98.841699	2.59	4
1150	84.0	3	2.68
1360	98.069498	2.59	2.57
860	74.0	3	2.91
1100	84.47653	2.77	2.77
1060	84.55598	2.59	2.76
950	86.42384	3.02	2.69
1070	69.66667	3	1.71
1110	89.66667	3	3.17
1260	97.297297	2.59	4
930	79.15058	2.59	2.88
1180	92.418773	2.77	3.55
890	64.0	3	2.27
1140	73.64621	2.77	3.25
1100	72.02797	2.86	2.58
1030	88.41699	2.59	2.97
960	56.0	3	1.7
960	87.00361	2.77	3.17
1160	50.33333	3	2.52
960	74.13127	2.59	2.59
1160	92.657342	2.86	3.52
1010	87.72563	2.77	3.57
1300	84.33333	3	3.36
1080	77.48344	3.02	2.71
1090	97.111913	2.77	3.66
1170	71.66667	3	1.92
1040	38.33333	3	1.46
830	67.66667	3	1.7
1090	96.969697	.66	3.35
790	80.64516	.62	2.28
820	88.70968	.62	3.82
760	80.0	.05	1.8
750	70.0	.2	1.93
930	65.0	.2	.46
880	99.1304348	3.45	2.04
900	91.666667	.12	2.9
780	85.0	.2	1.6
880	95.555555	1.35	3.41
770	99.0196078	1.02	1.85
780	91.428572	1.05	2.23
780	97.142857	1.05	1.6
940	76.0274	2.92	2.64
1140	98.566308	2.79	3.53
790	91.416309	2.33	2.67
1120	90.681004	2.79	2.3
750	88.19444	2.88	2.1
1250	97.849462	2.79	3.71
1020	96.917808	2.92	3.3
1070	99.3055556	2.88	3.34
1190	98.207885	2.79	3.73
1020	96.875	2.88	2.26
900	90.128756	2.33	1.93
940	93.055555	2.88	2.4
1010	96.995708	2.33	2.96
1340	68.75	.16	2.9
980	77.77778	.18	3.35
700	72.22222	.18	2.12
1150	88.88889	.18	3.8
730	65.38462	.26	3.18
880	85.71429	1.05	2.27
740	81.57895	1.14	2.82
880	71.71717	.99	1.44
930	74.60317	.63	1.53
880	71.42857	.07	2.76
1050	92.307693	.39	2.98
970	90.243902	.41	2.71
1310	87.17949	.39	2.98
910	81.56863	2.55	2.45
990	86.11111	2.52	2.39
1080	72.15686	2.55	2.88
1060	67.7116	3.19	1.38
830	41.17647	2.55	2.23
1030	59.12698	2.52	2.66
1130	87.05882	2.55	2.89
1110	92.460318	2.52	3.1
990	95.319149	2.35	3.13
1000	85.53191	2.35	3.16
880	90.212766	2.35	3.09
1080	55.48589	3.19	1.93
910	84.25532	2.35	2.41
1400	99.6031746	2.52	3.8
1070	82.7451	2.55	3.62
900	67.85714	2.52	2.16
830	49.16943	3.01	2.84
970	97.222222	2.52	3.34
1170	89.02821	3.19	3.2
1060	91.063829	2.35	3.35
970	86.27451	2.55	2.98
1270	98.015873	2.52	3.45
1010	74.60815	3.19	2
1050	96.837945	2.53	2.68
1180	82.55319	2.35	2.95
880	61.56863	2.55	3.08
860	66.66667	2.52	2.6
960	93.670886	1.58	1.46
890	94.303797	1.58	1.88
840	29.74683	1.58	1.77
960	65.0	.2	2.78
1040	76.47059	.34	2.55
870	82.35294	.34	1.75
820	63.92405	1.58	1.94
1060	38.70968	.31	2.3
1120	99.3690852	3.17	3.87
1010	70.28302	2.12	1.15
930	81.99052	2.11	2.31
1050	92.924528	2.12	3.58
910	76.41509	2.12	2.35
1150	88.51675	2.09	3.06
1200	91.509434	2.12	3.6
970	80.66038	2.12	2.56
930	83.49057	2.12	2.73
1050	83.0	2	2.06
1250	88.20755	2.12	3
1050	83.49057	2.12	2.5
1160	95.176849	3.11	1.64
1290	89.56522	3.45	3.04
1010	66.17647	3.4	1.81
920	84.05797	3.45	2.44
1030	90.684932	3.65	2.8
830	48.65672	3.35	2.03
1170	86.66667	3.45	2.48
860	66.08696	3.45	1.92
870	91.884058	3.45	3.27
1190	98.73817	3.17	3.72
990	94.520548	3.65	2.83
920	85.08287	1.81	2.11
1230	97.484277	1.59	3.92
940	87.69231	1.95	2.41
910	94.472362	1.99	3.23
950	95.597484	1.59	2.1
1020	91.194968	1.59	3.16
880	79.24528	1.59	2.8
990	65.36585	2.05	1.42
1110	93.081761	1.59	2.62
1100	98.461538	1.95	3.82
1190	99.4011976	1.67	3.33
860	51.28205	1.95	1.15
880	96.407186	1.67	2.53
830	82.75862	.87	1.94
1020	90.804598	.87	.7
850	94.642857	1.12	2.34
1290	98.684211	.76	3.31
740	50.57471	.87	2.61
1180	98.019802	1.01	3.02
1110	99.1735537	1.21	4
910	94.059406	1.01	2.38
770	88.88889	.99	2.92
740	79.79798	.99	2.6
1050	80.80808	.99	2.21
1030	97.849462	.93	3.2
1000	89.24731	.93	2.09
1060	86.74699	3.32	3.14
1020	75.0	3.32	2.42
1030	71.68675	3.32	2.21
960	77.10843	3.32	2.2
1120	83.33333	.3	2.9
1030	95.783133	3.32	3.17
960	91.428572	3.5	3.58
1430	87.22045	3.13	2.42
1100	92.236025	3.22	2.74
1070	71.38554	3.32	2.5
990	91.26506	3.32	1.93
1130	96.805112	3.13	3.34
1170	75.3012	3.32	1.83
1170	70.0	3.5	1.85
1040	95.652174	3.22	2.6
1290	99.2592593	2.7	4
1250	87.03704	2.7	2.63
1260	97.444089	3.13	3.61
1040	87.53894	3.21	3.21
910	76.99681	3.13	1.94
1020	93.610224	3.13	2.51
810	80.43478	3.22	2.52
1010	85.40373	3.22	2.67
990	96.583851	3.22	2.83
1020	89.25926	2.7	2.36
990	94.888179	3.13	3.33
1210	92.01278	3.13	2.73
890	79.23323	3.13	1.62
1170	99.380805	3.23	3.94
1390	99.3610224	3.13	4
1180	94.879518	3.32	3.2
1030	89.45783	3.32	2.92
1020	81.0241	3.32	1.8
940	80.12048	3.32	3.18
1050	81.48148	2.7	2.03
1210	94.444445	3.24	2.87
1170	91.269841	1.26	3.29
1150	85.71429	1.33	1.71
1210	93.650794	1.26	3.16
1050	70.67669	1.33	2.35
1040	67.97386	1.53	2.4
1060	78.87324	1.42	1.52
1060	87.30159	1.26	2.78
830	87.27273	1.65	2.28
810	91.666667	.12	3
800	70.0	.1	2.21
960	50.0	1.64	2.33
820	79.4702	1.51	1.86
940	84.0	3.75	1.66
1020	94.292804	4.03	2.8
1070	98.933333	3.75	2.42
1130	96.774194	4.03	2.51
820	94.186047	4.3	1.72
880	76.26667	3.75	.53
850	85.06667	3.75	.58
840	75.34884	4.3	2.02
790	48.36066	1.22	2.07
1110	87.87879	.66	2.47
1070	85.95041	1.21	2.75
1020	54.91803	1.22	2.43
1080	34.84849	.66	2.43
750	24.24242	.66	.66
920	82.40741	1.08	3.3
940	43.93939	.66	2.15
920	93.243243	.74	3.29
1030	83.60656	1.22	2.75
810	66.66667	.66	3
1110	96.296296	1.08	3.41
950	21.31148	1.22	1.39
1260	85.18519	1.08	3.75
870	54.05405	.74	2.84
1020	78.78788	.66	3.61
860	79.62963	1.08	2
1150	81.81818	.66	2.86
860	68.18182	.66	2.7
820	32.78689	1.22	1.65
890	36.92308	.65	2.77
1310	99.1803279	1.22	4
1400	93.939394	.66	3.96
880	56.55738	1.22	2.35
990	72.22222	1.08	2.66
1010	98.648649	.74	3.55
1080	89.34426	1.22	3.67
1090	69.67213	1.22	3.23
840	55.55556	1.08	3
1160	68.85246	1.22	2
960	70.37037	1.08	2.85
1090	80.32787	1.22	2.55
900	88.37209	.43	2.75
960	76.74419	.43	2.36
950	63.46154	.52	2.41
1010	20.37037	.54	1.89
910	86.04651	.43	2.69
730	54.05405	.37	2.42
1180	97.090909	2.75	3.82
930	83.05085	2.95	2.26
1210	99.58159	2.39	3.49
1320	72.72727	2.31	1.41
950	93.991416	2.33	2.68
1040	88.41202	2.33	2.02
1080	90.128756	2.33	2.87
1270	99.1416309	2.33	3.28
910	95.121951	.82	2.02
1350	98.809524	.84	3.69
800	97.619048	.84	2.19
1110	98.648649	.74	3.17
1080	97.297297	.74	3.82
1230	91.891891	.74	3
1000	93.548387	.62	1.88
1000	77.35849	.53	2.6
1120	95.555555	1.8	3.23
1080	87.77778	1.8	3.15
890	87.43169	1.83	1.93
830	28.82353	1.7	2.38
940	98.907104	1.83	2.69
870	90.0	1.6	1.57
790	81.76471	1.7	1.69
920	74.44444	1.8	1.6
1190	98.125	1.6	3
910	79.44444	1.8	2.72
1070	76.25	1.6	1.96
860	84.32432	1.85	2.57
880	83.125	1.6	2.83
990	91.25683	1.83	1.81
1010	84.07643	1.57	2.34
980	94.83871	1.55	2.34
930	81.29032	1.55	2
1060	95.541401	1.57	2.95
1340	99.3548387	1.55	3.83
860	65.38462	1.56	3.05
940	94.193548	1.55	2.7
1120	76.12903	1.55	2.84
1140	99.3589743	1.56	3.94
940	88.3871	1.55	2.11
930	72.14286	1.4	2.25
890	87.5	1.68	2.72
1150	72.22222	1.62	3.27
1000	81.41026	1.56	2.16
1040	95.151515	1.65	2.89
700	54.83871	1.55	2.36
920	89.25501	6.98	2.66
1040	92.258065	1.55	2.45
1040	89.74359	1.56	2.93
1000	87.67606	2.84	2.75
920	59.31559	2.63	2.78
870	80.76923	2.34	2.23
980	85.34799	2.73	3.07
1090	85.89744	2.34	2.5
1140	86.41115	2.87	2.15
1050	63.03502	2.57	1.95
810	70.42801	2.57	2.31
1050	88.32685	2.57	3.1
890	62.39316	2.34	1.43
850	82.10117	2.57	2.83
1100	87.17949	2.34	3.64
980	87.93774	2.57	2.58
920	80.34188	2.34	1.87
970	82.49027	2.57	2.26
890	85.99222	2.57	2.66
1020	99.5726496	2.34	4
830	52.52918	2.57	2.5
1020	80.34188	2.34	.64
1070	84.61539	2.34	3.14
920	81.19658	2.34	2.31
1030	93.589744	2.34	1.64
880	98.44358	2.57	3.37
1020	97.008547	2.34	3.44
1130	94.444445	2.34	.94
970	89.74359	2.34	2.29
1320	98.717949	2.34	3.85
780	97.66537	2.57	3.47
1130	62.39316	2.34	0
820	36.75214	2.34	2.31
1190	95.719844	2.57	2.74
800	83.65759	2.57	2.61
850	90.09009	2.22	2.79
990	95.045045	2.22	3.72
940	85.13513	2.22	2.6
1170	97.66537	2.57	3.48
960	83.78378	2.22	2.49
760	84.61539	2.34	2.25
1140	98.054475	2.57	2.78
1140	90.990991	2.22	3.12
880	91.025641	2.34	1.94
860	74.31907	2.57	1.79
1020	88.88889	2.34	2.16
1150	91.891891	2.22	2.2
1100	86.38132	2.57	2.78
1050	90.661479	2.57	3
1190	97.095436	2.41	2.41
960	74.16268	2.09	2.34
1140	89.31624	2.34	1.5
1070	87.17949	2.34	2.76
980	91.38756	2.09	2.26
1060	72.64957	2.34	.93
870	88.59649	2.28	2.01
990	95.299145	2.34	2.88
1000	82.47863	2.34	3.05
1140	81.19658	2.34	1.58
1150	85.04274	2.34	1.88
1090	89.31624	2.34	2.42
1200	98.086124	2.09	2.63
1350	98.340249	2.41	3.29
960	79.91453	2.34	1.69
1020	98.755187	2.41	3.47
1010	93.162393	2.34	3.13
1030	90.17094	2.34	3.31
960	87.55981	2.09	2.09
1160	93.301435	2.09	2.72
940	93.360996	2.41	2.5
820	81.5	2	3.11
1000	85.47009	2.34	3.12
1350	86.75214	2.34	3.23
990	91.452991	2.34	2.21
1030	87.60684	2.34	2.41
890	55.5	2	2.53
950	85.29412	2.04	2.55
1150	78.63248	2.34	2.08
1020	98.0	2	2.75
970	94.605809	2.41	2.26
940	65.81197	2.34	2.07
1070	80.31496	1.27	2.6
1090	95.620438	1.37	3.16
1260	97.080292	1.37	4
940	45.45454	1.21	2.91
1080	87.59124	1.37	2.24
1260	85.03937	1.27	4
1040	96.09375	1.28	3.42
1120	92.70073	1.37	2.54
880	46.09375	1.28	2.11
1130	99.2125984	1.27	3.96
1040	86.86131	1.37	2.78
930	94.890511	1.37	3.52
800	93.023256	.86	1.84
690	84.81013	.79	2.57
800	96.268657	1.34	2.18
990	99.1803279	1.22	2.67
1200	93.478261	.46	2.5
790	63.41463	.41	2
1210	97.560976	.41	2.64
1060	48.88889	.45	1.86
1130	82.6087	.46	1.82
1030	60.86956	.23	2.84
810	80.76923	.26	2.34
830	42.85714	.35	2.31
900	80.0	.2	2.5
970	65.21739	.23	2.13
1020	86.36364	.22	3.46
1090	84.61539	.26	2.29
1020	84.9866	3.73	3.23
1070	77.74799	3.73	2.53
980	68.6747	4.15	3
1090	80.42896	3.73	2.22
790	62.40964	4.15	.85
1200	90.884719	3.73	2.89
1230	97.831325	4.15	3.71
1220	99.047619	4.2	3.53
1390	98.659517	3.73	3.5
1030	49.15663	4.15	1.27
970	93.02949	3.73	2.93
1300	99.5180723	4.15	4
910	40.72289	4.15	2.2
860	90.51282	3.9	2.5
1220	93.076923	3.9	2.95
1140	83.37802	3.73	3
1050	82.82051	3.9	1.87
1170	89.74359	3.9	2.33
1060	66.75603	3.73	1.91
910	84.10256	3.9	3.02
1000	91.084337	4.15	3.09
980	60.0	4.15	2.09
1080	80.96386	4.15	2.25
850	82.84182	3.73	2.26
990	84.09639	4.15	1.88
1140	94.615385	3.9	3.03
1310	95.384615	3.9	3.11
840	82.16867	4.15	2.47
1320	98.072289	4.15	2.94
1030	37.17949	3.9	1.69
990	81.44578	4.15	2.81
980	80.96515	3.73	2.35
1010	92.289156	4.15	2
1050	74.45783	4.15	3.3
1050	76.92308	3.9	2.24
1120	80.0	3.9	2.56
810	82.05128	3.9	2.25
1010	87.4359	3.9	2.59
910	81.64384	3.65	2.4
810	85.78554	4.01	2.53
1360	99.0675991	4.29	3.02
1010	99.0384616	4.16	3.16
1070	81.29676	4.01	2.01
1090	99.7596154	4.16	3.85
1190	97.534247	3.65	2.06
1180	99.1780822	3.65	3.56
1200	97.668998	4.29	3.08
1100	97.596154	4.16	3.31
1010	84.85577	4.16	2
1100	89.86301	3.65	2.56
890	91.666667	.6	2.41
820	94.736842	.57	1.98
750	90.740741	.54	1.7
970	30.76923	.26	2.14
820	90.625	.32	2.52
1050	74.19355	.31	2.28
930	80.51948	.77	1.09
990	79.31034	.87	2.55
1050	88.23529	.34	2.98
950	54.28571	.35	2.22
850	77.14286	.35	3.12
1080	85.29412	.34	3.38
970	89.65517	.29	4
910	94.444445	.36	2.91
900	27.5862	.29	.68
870	50.0	.36	2.39
820	74.28572	.35	3.03
940	75.0	.36	2.38
720	84.44444	1.35	2.05
1180	97.727273	.44	3.33
1060	70.58824	.34	2.18
840	93.103448	.29	2.88
1150	97.931035	1.45	3.83
990	76.27119	1.18	1.81
1130	94.482759	1.45	2.16
1130	94.915254	1.18	2.91
1120	86.2069	1.45	2.15
770	91.608392	1.43	1.18
960	91.034483	1.45	2.6
1230	97.902098	1.43	3.38
680	92.0	.25	3.75
1080	86.66667	.15	2.93
1050	96.0	.25	4
780	60.0	.15	2.1
800	76.19048	.21	2.36
910	95.238095	.21	3.06
1070	82.72251	1.91	1.93
920	66.92913	2.54	1.9
890	37.5	2.24	.94
820	84.25197	2.54	2.11
960	89.5288	1.91	3.24
930	64.96063	2.54	1.63
1120	68.72038	2.11	2.22
770	82.7957	2.79	2.31
960	96.335078	1.91	3.52
910	81.15183	1.91	3.69
950	79.05759	1.91	1.97
1050	87.00787	2.54	3.5
880	50.0	2.54	1.93
970	81.04265	2.11	2.18
850	61.02362	2.54	1.85
810	93.782383	1.93	2.87
930	94.186047	1.72	2.42
900	85.77075	2.53	2.5
1320	90.940766	2.87	2.06
1090	97.233202	2.53	3.16
970	89.09953	2.11	2.05
630	34.95935	2.46	2.27
1080	86.38743	1.91	2.65
1180	95.669291	2.54	3.02
1130	94.312796	2.11	3.06
850	81.81818	2.53	2.71
1050	85.34031	1.91	2.67
1010	85.82677	2.54	1.9
970	79.58115	1.91	3.5
1060	88.48168	1.91	3.05
880	59.71564	2.11	2
1020	96.047431	2.53	3.29
1000	83.88626	2.11	2.43
1050	62.20472	2.54	2
1120	94.86166	2.53	2.69
710	49.82578	2.87	2
1060	89.32806	2.53	2.64
1000	81.5331	2.87	2.65
1200	92.146597	1.91	2.18
950	97.156398	2.11	2.86
1060	81.51659	2.11	1.64
1050	93.675889	2.53	2.6
840	75.62724	2.79	2.25
1100	96.850394	2.54	2.85
890	81.02767	2.53	2.41
1070	96.682464	2.11	3.43
1100	98.814229	2.53	3.16
980	96.456693	2.54	3.6
930	85.03937	2.54	2.04
1060	84.18972	2.53	2.56
990	57.06806	1.91	1.71
1130	85.78199	2.11	3.75
840	93.700788	2.54	1.82
880	77.95275	2.54	1.9
1050	77.47036	2.53	2.37
1100	72.51185	2.11	1.23
920	56.02094	1.91	2.56
880	84.29319	1.91	3.31
1080	98.425197	2.54	3.82
1030	94.488189	2.54	2.97
1120	92.094862	2.53	1.88
860	60.66351	2.11	1.33
1000	94.312796	2.11	2.7
1150	97.154472	2.46	3.52
1060	61.53846	2.34	2.03
1020	99.3150685	2.92	3.09
990	90.17094	2.34	3.13
1140	90.625	2.56	3.15
950	94.186047	2.58	2.35
1170	92.1875	2.56	2.8
1290	99.21875	2.56	3.24
1210	90.650407	2.46	2.88
1100	79.6875	2.56	2.62
1010	81.30081	2.46	2.35
1400	99.5934959	2.46	3.74
940	77.34375	2.56	2.29
980	85.9375	2.56	1.83
1060	95.703125	2.56	3.38
1020	89.84375	2.56	2.02
1000	92.307693	2.34	2.96
1070	97.560976	2.46	2.8
1270	99.609375	2.56	3.93
1270	87.6494	2.51	1.87
1030	87.60684	2.34	2.23
1000	71.54472	2.46	1
1020	83.66534	2.51	2.06
1090	92.276423	2.46	3.47
960	93.902439	2.46	2.78
1020	91.312741	5.18	2.67
1220	90.038314	5.22	2.96
1060	84.86708	4.89	3.31
1070	92.02454	4.89	1.62
920	43.15068	5.84	2.04
860	83.97683	5.18	2.19
1020	96.718147	5.18	3.27
1140	93.52518	5.56	2.86
1070	21.47239	4.89	2
1140	98.201439	5.56	3.66
1190	71.37014	4.89	2.44
1050	76.07362	4.89	2.18
930	65.82809	4.77	2.4
1070	81.03448	5.22	1.88
1340	94.549266	4.77	2.95
950	90.613027	5.22	2.38
1040	91.614256	4.77	2.94
890	76.89161	4.89	2.53
1080	91.379311	5.22	2.14
900	95.752896	5.18	2.79
880	84.66258	4.89	2.55
1030	88.41699	5.18	2.76
1270	93.243243	5.18	3.38
780	78.34179	5.91	2
1060	66.40927	5.18	2.11
850	44.2085	5.18	1.05
930	64.57023	4.77	1.72
1180	96.436059	4.77	2.53
880	86.29857	4.89	2.07
960	79.7546	4.89	3.06
1010	95.366796	5.18	2.62
1370	99.6168582	5.22	3.37
1300	97.89272	5.22	3.67
950	89.76834	5.18	2.87
940	80.11583	5.18	2.73
980	81.79959	4.89	2.71
1180	79.3456	4.89	2.17
980	87.93103	5.22	3.05
910	70.34765	4.89	3.07
910	73.79455	4.77	2.35
1220	97.509578	5.22	2.77
1250	85.63218	5.22	2.32
870	75.68134	4.77	2.07
980	93.251534	4.89	3.75
1090	98.951782	4.77	3.07
1110	98.307953	5.91	3.22
950	48.63014	5.84	2.18
1050	59.5092	4.89	1.68
820	75.86207	5.51	2.53
1010	70.0	.1	3.31
1020	54.64632	7.21	2
1180	72.10884	5.88	1.95
1270	98.639456	5.88	2.81
1200	86.90476	5.88	2.53
890	81.65289	6.05	2.65
1300	91.833811	6.98	1.99
1160	89.79592	5.88	1.97
1000	67.85714	5.88	3.23
1170	83.1405	6.05	2.33
1290	91.690544	6.98	2.22
870	81.12245	5.88	2.96
980	87.2449	5.88	3.32
940	72.23231	5.51	2.64
1030	92.979943	6.98	3.35
1130	91.666667	5.88	2.82
1210	96.551724	5.51	3.78
1250	94.736842	5.51	3.29
1020	79.65616	6.98	1.84
1080	76.21777	6.98	2.26
1080	95.272206	6.98	2.86
1160	82.75862	5.51	3.62
1110	99.0082645	6.05	3.22
1100	76.22505	5.51	2.5
1330	90.562613	5.51	2.9
1040	51.17967	5.51	1.5
920	83.66606	5.51	2.84
1170	65.45454	6.05	2.24
910	81.98347	6.05	2.28
1040	86.39456	5.88	3.45
1030	52.45009	5.51	3.26
1060	84.5735	5.51	2.69
810	81.96517	8.04	2.79
980	86.53295	6.98	2.48
1000	86.96275	6.98	1.79
1230	84.02904	5.51	2.94
1060	88.76033	6.05	2.46
1270	83.96694	6.05	1.97
1080	58.18182	6.05	1.35
930	63.43538	5.88	1.83
900	89.2562	6.05	2.85
840	77.93696	6.98	2.06
890	39.13044	6.9	2.02
1030	88.60544	5.88	2.68
1080	79.76191	5.88	2.04
730	54.08348	5.51	2.29
1130	69.50998	5.51	2.07
1160	89.28571	5.88	1.65
960	85.48094	5.51	3.09
1090	78.125	6.4	2.64
1130	97.108844	5.88	3.35
1030	86.75136	5.51	3.2
920	96.363636	1.1	1.94
960	85.71429	.35	3.23
870	87.5	.24	3.33
1040	60.0	.15	2.67
1150	87.5	.24	2.39
1330	99.4056464	6.73	4
820	83.50669	6.73	2.94
1300	98.710602	6.98	3.5
900	61.04101	6.34	2.08
970	60.4101	6.34	2.23
880	95.804196	5.72	3.32
910	81.80516	6.98	2.5
930	82.66476	6.98	1.8
940	91.976226	6.73	2.79
850	84.96504	5.72	2.13
830	84.79021	5.72	2.84
850	66.04585	6.98	2.37
790	85.13986	5.72	2.74
1010	61.67192	6.34	1.71
990	63.28671	5.72	1.99
1150	84.24963	6.73	3.16
870	78.14685	5.72	2.51
960	66.61891	6.98	0
990	86.11987	6.34	2.43
1070	95.988539	6.98	3.14
1060	91.167192	6.34	2.58
850	69.05594	5.72	2.35
790	81.51863	6.98	2.16
1220	98.137536	6.98	3.29
1290	78.49928	6.93	2.77
1070	86.01399	5.72	2.63
980	82.66476	6.98	2.25
950	89.68481	6.98	2.47
930	59.02579	6.98	.73
1050	95.558739	6.98	2.38
850	63.61031	6.98	.4
1030	92.132867	5.72	2.78
1080	84.99257	6.73	3.29
940	80.98068	6.73	2.87
1030	72.55245	5.72	2.06
1130	90.257879	6.98	2.16
810	85.81662	6.98	1.88
1130	93.696275	6.98	1.84
920	69.83655	6.73	2.54
990	89.74763	6.34	2.26
910	86.81948	6.98	1.81
1290	99.0536278	6.34	3.59
1020	91.117478	6.98	2.27
980	85.81662	6.98	2.5
1050	55.94406	5.72	2.23
1220	89.27445	6.34	2.8
1000	94.321766	6.34	1.68
910	68.29653	6.34	1.81
910	83.91608	5.72	2.68
760	87.2214	6.73	3.21
930	87.53582	6.98	1.94
1180	98.216939	6.73	2.85
1090	98.853868	6.98	2.4
1110	90.559441	5.72	2.31
1170	99.2	1.25	2.34
980	97.87234	1.41	2.04
1090	94.134897	6.82	2.6
850	97.236615	5.79	3.25
1120	97.063903	5.79	3.26
950	77.33813	5.56	1.31
1260	80.93525	5.56	2.28
890	88.48921	5.56	2.32
1250	98.201439	5.56	2.38
960	98.100173	5.79	2.35
860	82.9912	6.82	1.96
900	93.705036	5.56	3.2
900	77.1261	6.82	1.97
1110	86.4726	5.84	1.22
1170	91.09589	5.84	2.35
1090	96.027634	5.79	2.66
1220	97.923323	6.26	3.16
1070	83.93782	5.79	2.25
990	78.42466	5.84	1.88
920	93.493151	5.84	2.93
1000	90.753425	5.84	1.63
870	89.58944	6.82	2.26
720	54.10959	5.84	1.38
940	89.21233	5.84	2
1090	94.428153	6.82	2.25
1350	98.287671	5.84	3.58
930	85.19062	6.82	2.15
1090	93.664383	5.84	2.43
1010	55.22388	.67	2.46
1140	73.13433	.67	2.77
1200	93.617021	.47	3.22
1070	94.642857	.56	3.68
1370	98.113208	.53	3.37
1150	92.45283	.53	3
910	20.75471	.53	2.27
1010	65.95745	.47	2.23
920	77.61194	.67	2.75
950	76.78572	.56	2.22
1150	47.76119	.67	4
1360	95.555555	.45	3.41
830	26.78571	.56	2.22
1020	76.36364	.55	2.54
880	35.82089	.67	2.29
900	29.54546	.44	2.62
930	71.42857	.56	1.88
830	46.42857	.56	2.12
1090	91.071428	.56	3.77
1130	91.489362	.47	3.56
970	88.0597	.67	2.83
1110	85.38961	3.08	2.75
1110	51.94805	3.08	2.65
750	62.46057	3.17	1.73
930	72.5552	3.17	2.3
1020	74.35065	3.08	2.94
1070	91.525424	2.95	2.87
940	80.7571	3.17	2.71
1230	59.32203	2.95	2.23
1110	91.48265	3.17	3.42
1040	31.52542	2.95	1.8
1160	81.81818	3.08	3.67
920	76.94915	2.95	2.53
1060	84.02556	3.13	3.87
1100	88.13559	2.95	2.52
1020	95.12987	3.08	3.26
1010	85.06493	3.08	2.83
1220	93.506494	3.08	3.68
1130	87.06625	3.17	3.43
1190	81.76292	3.29	2.2
920	83.28267	3.29	2.67
1100	95.779221	3.08	3.68
1170	59.62145	3.17	3.37
890	69.49153	2.95	2.23
1040	75.0	3.08	3.13
980	69.71609	3.17	1.06
1280	68.76972	3.17	3.21
1230	95.583596	3.17	3.05
1060	54.4073	3.29	2.17
1200	94.637224	3.17	3.4
1200	95.12987	3.08	3.18
780	67.70186	3.22	.72
1140	74.46808	3.29	2.78
1100	93.559322	2.95	2.86
780	24.02402	3.33	1.6
1050	96.428571	3.08	3.55
1080	96.610169	2.95	3.87
1040	86.77966	2.95	2.93
1250	92.532467	3.08	3.54
1130	94.155844	3.08	3.52
750	68.45426	3.17	2.31
880	73.50158	3.17	2.17
1040	88.31169	3.08	3.76
1070	86.43533	3.17	3.06
910	61.68831	3.08	2.85
840	70.97792	3.17	2.12
1290	89.90536	3.17	3.62
1030	88.31776	2.14	2.95
1310	99.0654206	2.14	3.13
1180	95.6	2.5	4
960	91.2	2.5	3.06
970	94.8	2.5	2.8
1020	68.18182	1.32	1.93
940	92.990654	2.14	2.72
850	86.91589	2.14	2.52
1090	88.93443	2.44	2.39
980	95.2	2.5	2.35
1050	98.360656	2.44	1.54
1400	99.2	2.5	3.76
1130	78.51562	2.56	3.58
1150	85.98131	2.14	2.89
870	48.64865	2.22	2.66
1110	94.859813	2.14	2.63
1260	90.983606	2.44	2.02
1030	84.7973	2.96	2
1170	98.496241	2.66	3.36
1030	88.85135	2.96	2.92
1140	94.736842	2.66	3.28
1120	99.6240602	2.66	3.19
1160	97.744361	2.66	3.04
1170	94.360902	2.66	2.7
850	96.283784	2.96	2.88
1090	87.16216	2.96	2.56
1100	99.2481203	2.66	3.58
1110	98.87218	2.66	3.58
1130	98.120301	2.66	2.77
990	76.4045	.89	1.61
1140	99.009901	1.01	2.56
860	98.876405	.89	2.94
1090	97.674419	.86	2.98
1210	92.631579	1.9	4
870	80.1105	1.81	2.35
1360	96.511628	1.72	3.29
1020	91.712708	1.81	3.06
960	92.441861	1.72	3.08
990	95.930233	1.72	2.44
1000	91.860465	1.72	3.18
910	96.89441	1.61	2.82
810	55.2795	1.61	.66
1380	99.4475138	1.81	4
1130	96.273292	1.61	3.72
1010	34.13174	1.67	2.04
960	95.031056	1.61	2.39
1160	93.604651	1.72	2.32
1060	92.441861	1.72	2.28
940	90.116279	1.72	3.5
1210	92.546584	1.61	2.72
960	81.98758	1.61	2.15
910	70.71823	1.81	2.42
1090	98.837209	1.72	3.24
940	78.26087	1.61	2.72
930	97.515528	1.61	2.64
1460	98.895028	1.81	4
1440	97.790055	1.81	3.5
1120	93.78882	1.61	2.91
1040	93.167702	1.61	1.71
670	66.84211	1.9	2.83
930	46.96133	1.81	.35
1130	99.4186047	1.72	3.82
1200	85.63536	1.81	2.4
1090	88.39779	1.81	2.23
960	94.186047	1.72	3.35
950	56.35359	1.81	1.46
940	98.837209	1.72	2.89
800	83.13953	1.72	2.25
1100	98.757764	1.61	3.14
860	71.27072	1.81	2.21
860	90.062112	1.61	3.05
940	90.116279	1.72	2.98
1150	81.36646	1.61	1.56
940	57.77778	1.8	2.39
830	88.67924	3.18	1.5
990	78.78788	.33	3.21
1100	81.08108	.37	1.88
1100	36.36364	.33	2.57
1210	81.08108	.37	2.4
1020	82.19178	2.92	2.36
920	68.86792	3.18	.46
1000	98.360656	3.05	1.92
950	94.025157	3.18	2.85
950	89.72603	2.92	2.77
1160	95.547945	2.92	2.69
1140	87.67123	2.92	2.62
930	97.945205	2.92	2.06
900	77.90698	.86	1.3
900	97.674419	.86	2.91
700	85.22727	.88	2.35
1000	97.568389	3.29	3.48
860	92.615385	3.25	2.29
1060	96.363636	3.3	3.73
1010	93.31307	3.29	2.72
830	94.832827	3.29	2.96
1020	71.81818	3.3	1.96
1060	96.338028	3.55	3.46
840	67.07692	3.25	2.3
890	79.87013	1.54	2.94
1060	94.805195	1.54	3
1330	99.3506494	1.54	3.18
800	83.76623	1.54	1.07
1170	85.625	1.6	1.42
780	77.83784	1.85	1.9
840	75.13514	1.85	1.8
1020	93.506494	1.54	2.43
1170	86.875	1.6	3.82
990	96.045198	1.77	2.5
1090	25.25253	.99	2.71
1000	86.39053	1.69	2.37
1070	93.125	1.6	2.56
880	92.857143	1.54	2
850	62.7027	1.85	1.75
1060	71.18644	1.77	1.73
810	84.65909	1.76	2.55
950	87.5	1.6	2.17
970	78.39506	1.62	2.23
1000	78.75	1.6	2.28
760	94.805195	1.54	1.69
900	95.266272	1.69	2.55
1040	97.546012	1.63	2.35
1000	96.753247	1.54	2.14
1380	58.57988	1.69	3.63
870	96.402878	1.39	2.44
920	96.478873	1.42	3.47
920	92.253521	1.42	2.64
880	96.402878	1.39	2.71
1050	99.2805755	1.39	3.36
1020	94.366197	1.42	2.81
1020	98.561151	1.39	2.98
950	72.02797	1.43	2.26
1240	87.41722	1.51	1.76
1030	98.561151	1.39	2.73
920	92.857143	.56	1.46
790	78.125	.32	3.06
810	56.09756	.41	1.8
920	87.80488	.41	2.48
860	61.53846	.26	2.18
1040	80.64516	.31	2.42
940	88.46154	.26	3.1
940	77.14286	.35	1.58
940	59.375	.32	1.71
890	53.125	.32	1.62
1120	80.4878	.41	2.69
890	99.4680851	1.88	2.15
830	97.584541	2.07	1.74
870	93.548387	2.17	1.84
780	94.680851	1.88	2.31
980	86.70213	1.88	2.14
1040	95.852535	2.17	2.84
940	98.058252	2.06	2.35
1110	98.067633	2.07	2.17
860	92.5	1.6	2.26
1070	91.875	1.6	2.66
890	93.567252	1.71	2.6
1020	99.4152047	1.71	4
900	74.49664	1.49	2.1
1350	97.744361	1.33	3.84
1260	98.830409	1.71	3.42
860	98.611111	.72	3.34
830	77.55102	1.96	2.88
960	83.91304	2.3	2.66
930	80.61225	1.96	2.09
1050	97.844828	2.32	3.64
920	75.0	1.88	3.13
950	90.306123	1.96	2.37
1070	90.425532	1.88	2.09
1060	96.551724	2.32	3.17
1000	95.217391	2.3	3.43
1010	69.38775	1.96	1.94
1230	70.64516	3.1	.21
1190	90.614886	3.09	2.76
920	78.34646	2.54	2.2
710	50.0	2.58	1.86
1170	93.2	2.5	3.66
1020	83.33333	.84	3.62
1010	50.0	.1	2.71
920	40.0	.1	1.53
1010	95.846645	3.13	2.97
1080	92.971246	3.13	2.21
1260	92.417062	2.11	3.71
1020	94.285714	5.6	3.18
1210	79.44444	5.4	3.64
870	77.32919	3.22	2.36
1280	97.019868	3.02	3.68
980	85.95318	2.99	2.2
1150	98.4375	1.92	3.22
1160	85.9944	3.57	2.12
1080	79.89822	3.93	2.17
1080	81.60237	3.37	2.43
930	63.22581	3.1	1.95
880	72.90322	3.1	2.96
1400	98.055556	3.6	4
1020	84.14986	3.47	3.67
1160	94.722222	3.6	3.75
1100	96.388889	3.6	4
1070	56.61376	3.78	2.52
1390	51.66667	3.6	1.81
940	75.79251	3.47	2.76
990	85.0	3.6	3.18
990	80.40346	3.47	3.21
1410	93.778802	4.34	3.82
1120	62.54295	2.91	2.33
1120	88.31615	2.91	2.68
1000	92.903226	3.1	2.74
1340	99.6774194	3.1	3.6
1180	74.78753	3.53	2.64
1170	94.366197	2.13	3.69
960	90.0	.1	2.98
1090	93.564356	2.02	2.69
1180	97.42268	1.94	3.76
1160	97.487437	1.99	3.96
990	83.13253	2.49	3.06
1330	97.704918	3.05	3.52
1240	91.891891	3.33	2.21
1080	28.57143	.77	3.17
1160	87.40458	2.62	3.75
1180	92.366412	2.62	3.61
1330	87.79841	3.77	3.12
1280	61.77285	3.61	3.12
910	43.1694	3.66	2.1
1110	79.22438	3.61	2.9
920	90.636043	5.66	2.31
1100	95.822103	7.42	2.5
850	86.37681	6.9	3.12
990	64.35185	2.16	2.05
1020	73.87218	5.32	2.56
1190	87.61062	3.39	2.85
1060	63.5	4	3.4
850	80.563	7.46	2.41
960	80.0	.1	2.91
1120	90.0	2.6	2.43
1020	63.125	6.4	1.81
1150	95.249406	4.21	3.66
1130	94.495413	5.45	2.35
990	80.46875	1.28	2.34
1100	72.1393	2.01	3.14
920	74.06015	5.32	1.93
1090	59.96241	5.32	1.81
970	87.40602	5.32	2.58
1020	82.5188	5.32	2.34
1000	84.21053	5.32	3.04
990	78.07018	4.56	2.81
770	50.25253	3.96	2.45
860	29.22252	3.73	2.12
1030	64.41103	3.99	1.92
990	58.7444	4.46	3.55
910	69.29348	3.68	2.48
1010	35.0	.6	3.4
950	64.56456	6.66	2.12
1150	85.4321	8.1	2.45
1090	76.01246	3.21	1.86
1120	70.27027	1.11	2.05
1150	67.63285	2.07	2.27
1000	63.11475	3.66	2.44
1030	67.79221	3.85	3.62
1150	81.43236	3.77	2.71
1170	97.572815	2.06	3.1
1080	67.85714	2.8	2.52
1030	95.833333	1.44	2.66
1250	98.429319	1.91	3.71
1090	73.39902	8.12	2.65
1010	64.753	7.49	2.53
1020	57.36961	8.82	1.63
1160	77.0936	8.12	2.43
890	67.91383	8.82	2.85
1050	48.15271	8.12	1.93
1000	56.7734	8.12	1.91
950	65.64039	8.12	2.6
1150	61.21795	6.24	2.82
1050	81.08974	6.24	3.11
1210	87.14286	4.9	3.73
980	37.2093	.43	2.41
950	82.35294	3.06	2.38
980	92.944785	3.26	3.56
1270	95.098039	1.02	2.39
1030	66.66667	2.13	2.13
1390	99.1596639	2.38	4
1230	97.260274	2.19	3.87
990	67.7551	2.45	1.95
1030	95.016611	3.01	2.44
900	60.1083	5.54	3.33
1070	74.00722	5.54	3.06
920	76.5343	5.54	3.64
1070	55.17241	5.22	1.55
1080	82.02568	7.01	3.65
990	58.42332	9.26	1.71
1020	49.07275	7.01	2.24
980	81.95876	7.76	2.76
1120	56.54596	7.18	1.88
1070	49.58449	3.61	1.33
960	86.09272	3.02	2.72
1070	81.42857	3.5	2.68
950	80.96886	2.89	2.29
1000	58.25545	3.21	1.52
1020	82.82209	1.63	2.27
1350	99.3975903	1.66	3.16
980	92.951542	2.27	2.08
1220	95.333333	3	3.23
1000	75.3012	1.66	2.06
1210	94.432548	4.67	3.53
980	74.53311	5.89	2.16
850	14.73214	2.24	1.73
890	48.54111	3.77	2.18
930	58.33333	.6	2.27
1000	63.74502	2.51	2.62
920	88.66397	2.47	2.07
990	86.27859	4.81	2.56
1070	93.139293	4.81	3.25
940	73.8938	4.52	1.9
1220	96.713615	2.13	3.81
1120	95.614035	2.28	3.5
920	79.23077	1.3	1.58
1230	30.76923	5.07	2.76
1190	65.32439	4.47	2.35
1120	51.94805	4.62	2.94
1030	65.5914	5.58	3.34
1000	40.32258	5.58	2.57
1010	40.84507	4.26	1.72
1010	30.0	.1	2.04
1160	75.12438	4.02	1.85
1000	57.9602	4.02	1.93
1180	72.93729	3.03	3.67
1010	82.08955	4.02	3.26
1110	25.0	.04	2.26
990	85.4	5	1.95
710	60.08772	4.56	1.95
1090	87.5	1.04	1.61
1060	96.774194	1.55	3.85
980	97.222222	2.16	2.27
980	39.56522	2.3	1.53
1040	82.17391	2.3	2.82
1040	63.11475	1.22	2.42
1210	98.360656	1.22	3.88
1020	86.02541	5.51	2.92
890	58.98367	5.51	2.26
960	91.949153	4.72	2.63
1090	80.0	.1	2.12
1110	46.12794	2.97	1.92
1150	86.97183	2.84	3.06
950	85.50296	3.38	2.87
950	80.0	.1	2.6
1030	93.75	2.4	2.6
1360	98.734177	4.74	3.86
1280	75.5102	.49	4
980	10.0	.4	2.05
950	86.2423	4.87	3.62
890	79.59184	.49	1.75
900	87.5	.56	2.24
1230	77.45098	4.08	3.29
910	83.58586	3.96	2.77
950	84.15842	4.04	2.33
1080	58.91365	7.18	2.93
1140	62.54295	5.82	2.12
1180	33.67698	5.82	1.9
1030	53.4819	7.18	2.81
990	58.078	7.18	2.59
1050	48.49445	6.31	1.68
1070	53.09278	5.82	2.9
1150	68.03738	5.35	3
1140	55.51402	5.35	2.25
1200	73.95543	7.18	2.86
940	86.2117	7.18	3.37
880	46.875	1.6	2.31
880	78.68852	3.05	1.82
1080	27.27273	.33	.86
980	59.03166	5.37	2.53
1170	53.63129	5.37	2.87
970	67.9702	5.37	3.05
1030	46.34146	6.15	2.13
1230	85.99641	5.57	4
910	24.70588	5.95	2.01
1190	80.61041	5.57	3.05
1090	65.54622	5.95	2.44
970	70.0	.1	3.07
1020	90.0	.1	2.57
860	38.11395	5.09	.92
1000	60.51661	5.42	2.78
970	48.91945	5.09	1.83
1150	80.3125	6.4	3.25
880	63.29966	5.94	2.78
1130	83.95062	5.67	2.62
950	88.63636	.44	1.43
1000	77.77778	1.89	2.47
1130	64.28571	.7	2.44
860	68.50153	3.27	2.77
980	58.73016	.63	2.87
910	82.6087	.69	2.77
1010	78.84268	5.53	1.76
1060	88.57143	5.95	2.39
700	67.68	6.25	2.13
1010	89.90148	4.06	3.07
940	69.26407	2.31	2.81
1110	89.1791	2.68	3.16
1180	90.909091	3.08	3.17
1030	93.526786	4.48	3.37
1150	94.37751	2.49	2.93
880	84.05797	1.38	2.37
1210	70.0	.1	2.2
1050	80.0	.1	3.54
1090	70.0	.1	3.1
1020	96.759259	2.16	3.51
1090	95.121951	3.28	3.73
890	95.555555	1.35	2
1260	94.516971	3.83	3.35
1090	92.175274	6.39	2.66
980	92.488263	6.39	2.88
1230	82.15962	6.39	2.67
1330	99.0566038	2.12	3.77
1000	90.236687	3.38	3.06
1180	95.652174	1.15	3.56
1010	47.82609	3.22	2.35
850	50.0	.96	2.4
1200	84.71338	1.57	3.17
1260	97.979798	.99	3.77
950	82.29814	3.22	2.3
1120	97.619048	.42	2.5
1000	82.2695	1.41	2.33
1020	59.0	1	1.97
1180	91.304348	2.3	3.36
1150	95.378151	2.38	3
990	61.80257	2.33	2.24
900	80.0	.1	2.46
1340	97.777778	.45	4
980	34.28571	.35	2.83
1420	87.85942	3.13	3.94
